Player,Nation,Pos,Squad,Age,Min,90s,Gls,Sh,SoT,SoT%,Sh/90,SoT/90,G/Sh,G/SoT,Dist,FK,PK,PKatt,xG,npxG,npxG/Sh,G-xG,np:G-xG
Erling Haaland,NOR,FW,Manchester City,23-241,1922.0,21.4,18,87,39,44.8,4.07,1.83,0.17,0.38,11.5,1,3,4,20.9,17.8,0.21,-2.9,-2.8
Ollie Watkins,ENG,FW,Aston Villa,28-079,2475.0,27.5,16,86,39,45.3,3.13,1.42,0.19,0.41,12.5,0,0,0,14.3,14.3,0.17,1.7,1.7
Dominic Solanke,ENG,FW,Bournemouth,26-186,2494.0,27.7,15,84,29,34.5,3.03,1.05,0.17,0.48,12.0,0,1,2,16.1,14.5,0.17,-1.1,-0.5
Mohamed Salah,EGY,FW,Liverpool,31-277,1816.0,20.2,15,64,28,43.8,3.17,1.39,0.17,0.39,16.3,1,4,6,15.0,10.1,0.16,0.0,0.9
Son Heung-min,KOR,FW,Tottenham Hotspur,31-254,2073.0,23.0,14,60,28,46.7,2.6,1.22,0.22,0.46,15.0,0,1,1,8.0,7.3,0.12,6.0,5.7
Jarrod Bowen,ENG,FW,West Ham United,27-089,2426.0,27.0,14,65,30,46.2,2.41,1.11,0.22,0.47,13.9,0,0,0,9.3,9.3,0.14,4.7,4.7
Bukayo Saka,ENG,FW,Arsenal,22-195,2262.0,25.1,13,77,24,31.2,3.06,0.95,0.12,0.38,16.9,0,4,4,11.5,8.4,0.11,1.5,0.6
Alexander Isak,SWE,FW,Newcastle United,24-179,1402.0,15.6,12,42,22,52.4,2.7,1.41,0.24,0.45,13.7,0,2,2,10.9,9.4,0.23,1.1,0.6
Phil Foden,ENG,"FW,MF",Manchester City,23-295,2309.0,25.7,11,85,35,41.2,3.31,1.36,0.13,0.31,18.1,1,0,0,8.5,8.5,0.1,2.5,2.5
Cole Palmer,ENG,"FW,MF",Chelsea,21-317,1740.0,19.3,11,52,20,38.5,2.69,1.03,0.12,0.3,22.8,4,5,5,8.9,4.9,0.09,2.1,1.1
Darwin Nunez,URU,FW,Liverpool,24-268,1571.0,17.5,10,85,37,43.5,4.87,2.12,0.12,0.27,15.0,0,0,1,13.5,12.7,0.15,-3.5,-2.7
Hwang Hee-chan,KOR,"FW,MF",Wolverhampton Wanderers,28-052,1620.0,18.0,10,35,12,34.3,1.94,0.67,0.26,0.75,12.6,0,1,1,6.3,5.6,0.16,3.7,3.4
Richarlison,BRA,FW,Tottenham Hotspur,26-313,1357.0,15.1,10,58,23,39.7,3.85,1.53,0.17,0.43,13.3,0,0,0,8.8,8.8,0.15,1.2,1.2
Chris Wood,NZL,FW,Nott'ham Forest,32-102,1038.0,11.5,9,24,14,58.3,2.08,1.21,0.38,0.64,10.5,0,0,0,6.1,6.1,0.26,2.9,2.9
Matheus Cunha,BRA,"FW,MF",Wolverhampton Wanderers,24-296,1961.0,21.8,9,59,30,50.8,2.71,1.38,0.14,0.27,18.3,0,1,1,8.2,7.4,0.13,0.8,0.6
Nicolas Jackson,SEN,FW,Chelsea,22-272,1815.0,20.2,9,53,25,47.2,2.63,1.24,0.17,0.36,12.6,0,0,0,12.6,12.6,0.24,-3.6,-3.6
Douglas Luiz,BRA,MF,Aston Villa,25-314,2328.0,25.9,9,41,12,29.3,1.59,0.46,0.12,0.42,23.6,5,4,4,6.6,3.5,0.08,2.4,1.5
Diogo Jota,POR,FW,Liverpool,27-105,1047.0,11.6,9,36,17,47.2,3.09,1.46,0.25,0.53,12.5,0,0,0,4.4,4.4,0.12,4.6,4.6
Anthony Gordon,ENG,FW,Newcastle United,23-023,2187.0,24.3,9,57,22,38.6,2.35,0.91,0.14,0.36,17.5,0,1,1,7.8,7.0,0.12,1.2,1.0
Elijah Adebayo,ENG,FW,Luton Town,26-071,1162.0,12.9,9,28,12,42.9,2.17,0.93,0.32,0.75,9.5,0,0,0,5.6,5.6,0.2,3.4,3.4
Kai Havertz,GER,"MF,FW",Arsenal,24-281,1779.0,19.8,8,39,12,30.8,1.97,0.61,0.18,0.58,12.6,0,1,1,7.8,7.0,0.18,0.2,0.0
Leon Bailey,JAM,"MF,FW",Aston Villa,26-222,1402.0,15.6,8,41,15,36.6,2.63,0.96,0.2,0.53,16.8,1,0,0,4.5,4.5,0.11,3.5,3.5
Carlton Morris,ENG,"FW,MF",Luton Town,28-093,2052.0,22.8,8,50,18,36.0,2.19,0.79,0.08,0.22,13.1,0,4,4,8.5,5.4,0.11,-0.5,-1.4
Julian Alvarez,ARG,"MF,FW",Manchester City,24-047,2197.0,24.4,8,74,29,39.2,3.03,1.19,0.09,0.24,18.6,12,1,1,9.0,8.2,0.11,-1.0,-1.2
Joao Pedro,BRA,"FW,MF",Brighton & Hove Albion,22-174,1392.0,15.5,8,44,15,34.1,2.84,0.97,0.09,0.27,15.0,0,4,4,8.4,5.2,0.12,-0.4,-1.2
Leandro Trossard,BEL,"FW,MF",Arsenal,29-105,1020.0,11.3,7,40,14,35.0,3.53,1.24,0.18,0.5,16.3,0,0,0,5.3,5.3,0.13,1.7,1.7
Bryan Mbeumo,CMR,FW,Brentford,24-224,1298.0,14.4,7,38,13,34.2,2.63,0.9,0.11,0.31,17.3,3,3,3,8.5,6.2,0.16,-1.5,-2.2
Scott McTominay,SCO,"MF,FW",Manchester Utd,27-101,1473.0,16.4,7,35,17,48.6,2.14,1.04,0.2,0.41,14.1,0,0,0,5.1,5.1,0.15,1.9,1.9
Rodrigo Muniz,BRA,FW,Fulham,22-319,936.0,10.4,7,43,14,32.6,4.13,1.35,0.16,0.5,12.6,0,0,0,5.2,5.2,0.12,1.8,1.8
Marcus Rashford,ENG,FW,Manchester Utd,26-139,1988.0,22.1,7,57,18,31.6,2.58,0.81,0.09,0.28,16.9,1,2,2,7.1,5.5,0.1,-0.1,-0.5
Antoine Semenyo,GHA,FW,Bournemouth,24-071,1424.0,15.8,7,53,23,43.4,3.35,1.45,0.13,0.3,17.9,0,0,0,3.5,3.5,0.07,3.5,3.5
Rasmus Hjlund,DEN,FW,Manchester Utd,21-043,1465.0,16.3,7,29,15,51.7,1.78,0.92,0.24,0.47,11.1,0,0,0,6.5,6.5,0.23,0.5,0.5
Callum Wilson,ENG,FW,Newcastle United,32-020,862.0,9.6,7,29,15,51.7,3.03,1.57,0.17,0.33,12.2,0,2,2,7.2,5.7,0.2,-0.2,-0.7
Yoane Wissa,COD,FW,Brentford,27-197,1898.0,21.1,7,53,18,34.0,2.51,0.85,0.13,0.39,13.0,0,0,0,8.0,8.0,0.15,-1.0,-1.0
Martin degaard,NOR,MF,Arsenal,25-092,2208.0,24.5,6,53,16,30.2,2.16,0.65,0.08,0.25,20.8,2,2,2,5.6,4.0,0.07,0.4,0.0
Taiwo Awoniyi,NGA,FW,Nott'ham Forest,26-219,1024.0,11.4,6,22,11,50.0,1.93,0.97,0.27,0.55,11.5,0,0,0,4.7,4.7,0.22,1.3,1.3
Raheem Sterling,ENG,"FW,MF",Chelsea,29-101,1813.0,20.1,6,43,16,37.2,2.13,0.79,0.14,0.38,13.7,3,0,0,5.5,5.5,0.13,0.5,0.5
Tomas Soucek,CZE,MF,West Ham United,29-020,2145.0,23.8,6,35,12,34.3,1.47,0.5,0.17,0.5,10.5,0,0,0,5.6,5.6,0.16,0.4,0.4
Michael Olise,FRA,"FW,MF",Crystal Palace,22-097,755.0,8.4,6,30,9,30.0,3.58,1.07,0.17,0.56,17.9,2,1,1,3.2,2.4,0.08,2.8,2.6
Bernardo Silva,POR,"MF,FW",Manchester City,29-221,1897.0,21.1,6,28,12,42.9,1.33,0.57,0.21,0.5,16.0,0,0,0,2.9,2.9,0.1,3.1,3.1
Rodri,ESP,MF,Manchester City,27-270,2166.0,24.1,6,51,17,33.3,2.12,0.71,0.12,0.35,20.8,0,0,0,3.3,3.3,0.06,2.7,2.7
Declan Rice,ENG,MF,Arsenal,25-064,2391.0,26.6,6,40,14,35.0,1.51,0.53,0.15,0.43,20.9,2,0,0,2.2,2.2,0.06,3.8,3.8
Kudus Mohammed,GHA,"FW,MF",West Ham United,23-229,1590.0,17.7,6,42,12,28.6,2.38,0.68,0.14,0.5,18.8,0,0,0,3.3,3.3,0.08,2.7,2.7
Gabriel Martinelli,BRA,FW,Arsenal,22-274,1749.0,19.4,6,49,15,30.6,2.52,0.77,0.12,0.4,15.7,0,0,0,5.6,5.6,0.11,0.4,0.4
Neal Maupay,FRA,FW,Brentford,27-217,1208.0,13.4,6,34,14,41.2,2.53,1.04,0.18,0.43,13.7,1,0,0,5.3,5.3,0.16,0.7,0.7
John McGinn,SCO,"MF,FW",Aston Villa,29-152,2373.0,26.4,6,35,14,40.0,1.33,0.53,0.17,0.43,19.5,3,0,0,4.3,4.3,0.12,1.7,1.7
Luis Diaz,COL,FW,Liverpool,27-065,1836.0,20.4,6,67,22,32.8,3.28,1.08,0.09,0.27,15.5,0,0,0,8.6,8.6,0.13,-2.6,-2.6
Simon Adingra,CIV,FW,Brighton & Hove Albion,22-077,1446.0,16.1,6,33,15,45.5,2.05,0.93,0.18,0.4,16.1,0,0,0,3.1,3.1,0.1,2.9,2.9
Eberechi Eze,ENG,"MF,FW",Crystal Palace,25-263,1316.0,14.6,6,54,20,37.0,3.69,1.37,0.09,0.25,21.5,10,1,1,5.5,4.7,0.09,0.5,0.3
Dejan Kulusevski,SWE,"FW,MF",Tottenham Hotspur,23-328,2208.0,24.5,6,44,17,38.6,1.79,0.69,0.14,0.35,15.9,0,0,0,3.5,3.5,0.08,2.5,2.5
Odsonne Edouard,FRA,"FW,MF",Crystal Palace,26-062,1427.0,15.9,6,47,17,36.2,2.96,1.07,0.13,0.35,13.7,3,0,0,5.7,5.7,0.12,0.3,0.3
Abdoulaye Doucoure,MLI,"FW,MF",Everton,31-077,1838.0,20.4,6,36,17,47.2,1.76,0.83,0.17,0.35,12.4,0,0,0,6.3,6.3,0.19,-0.3,-0.3
Evan Ferguson,IRL,FW,Brighton & Hove Albion,19-151,1359.0,15.1,6,33,20,60.6,2.19,1.32,0.18,0.3,15.5,0,0,0,4.6,4.6,0.14,1.4,1.4
James Ward-Prowse,ENG,MF,West Ham United,29-138,2332.0,25.9,5,29,11,37.9,1.12,0.42,0.1,0.27,22.2,10,2,2,5.1,3.5,0.13,-0.1,-0.5
Eddie Nketiah,ENG,FW,Arsenal,24-293,1052.0,11.7,5,36,11,30.6,3.08,0.94,0.14,0.45,12.6,0,0,0,4.4,4.4,0.12,0.6,0.6
Bobby Reid,JAM,FW,Fulham,31-045,1170.0,13.0,5,25,7,28.0,1.92,0.54,0.2,0.71,15.8,0,0,0,3.8,3.8,0.15,1.2,1.2
Raul Jimenez,MEX,FW,Fulham,32-318,1267.0,14.1,5,36,15,41.7,2.56,1.07,0.14,0.33,15.1,0,0,0,4.5,4.5,0.12,0.5,0.5
Jean-Philippe Mateta,FRA,FW,Crystal Palace,26-264,1505.0,16.7,5,24,10,41.7,1.44,0.6,0.13,0.3,13.5,0,2,2,5.0,3.4,0.14,0.0,-0.4
Alejandro Garnacho,ARG,FW,Manchester Utd,19-261,1767.0,19.6,5,66,16,24.2,3.36,0.81,0.08,0.31,15.7,0,0,0,5.7,5.6,0.09,-0.7,-0.6
Alex Iwobi,NGA,"FW,MF",Fulham,27-320,1481.0,16.5,5,40,14,35.0,2.43,0.85,0.13,0.36,17.8,0,0,0,4.6,4.6,0.12,0.4,0.4
Anthony Elanga,SWE,"FW,MF",Nott'ham Forest,21-326,1933.0,21.5,5,47,20,42.6,2.19,0.93,0.11,0.25,15.8,0,0,0,6.1,6.1,0.13,-1.1,-1.1
Cody Gakpo,NED,"FW,MF",Liverpool,24-316,1163.0,12.9,5,41,16,39.0,3.17,1.24,0.12,0.31,16.0,0,0,0,6.0,6.0,0.15,-1.0,-1.0
Ivan Toney,ENG,FW,Brentford,28-002,900.0,10.0,4,28,14,50.0,2.8,1.4,0.14,0.29,17.1,5,0,0,3.6,3.6,0.13,0.4,0.4
Bruno Fernandes,POR,"MF,FW",Manchester Utd,29-192,2430.0,27.0,4,68,24,35.3,2.52,0.89,0.03,0.08,22.5,11,2,3,7.2,4.9,0.07,-3.2,-2.9
Gabriel Dos Santos,BRA,DF,Arsenal,26-090,2176.0,24.2,4,23,9,39.1,0.95,0.37,0.17,0.44,7.6,0,0,0,3.3,3.3,0.14,0.7,0.7
Willian,BRA,FW,Fulham,35-222,1621.0,18.0,4,37,15,40.5,2.05,0.83,0.05,0.13,20.7,2,2,2,4.7,3.1,0.08,-0.7,-1.1
Zeki Amdouni,SUI,FW,Burnley,23-105,1779.0,19.8,4,40,21,52.5,2.02,1.06,0.1,0.19,17.4,0,0,0,4.3,4.3,0.11,-0.3,-0.3
Jordan Ayew,GHA,"FW,MF",Crystal Palace,32-189,2134.0,23.7,4,41,16,39.0,1.73,0.67,0.1,0.25,17.1,0,0,0,3.6,3.6,0.09,0.4,0.4
Cameron Archer,ENG,"FW,MF",Sheffield United,22-241,1449.0,16.1,4,29,7,24.1,1.8,0.43,0.14,0.57,16.2,0,0,0,3.9,3.9,0.14,0.1,0.1
Moussa Diaby,FRA,"FW,MF",Aston Villa,24-255,1526.0,17.0,4,41,16,39.0,2.42,0.94,0.1,0.25,16.0,0,0,0,5.0,5.0,0.12,-1.0,-1.0
David Datro Fofana,CIV,FW,Burnley,21-087,596.0,6.6,4,14,8,57.1,2.11,1.21,0.29,0.5,15.6,0,0,0,3.4,3.4,0.24,0.6,0.6
Callum Hudson-Odoi,ENG,"FW,MF",Nott'ham Forest,23-132,1085.0,12.1,4,16,8,50.0,1.33,0.66,0.25,0.5,17.8,0,0,0,1.2,1.2,0.08,2.8,2.8
Gabriel Jesus,BRA,FW,Arsenal,26-350,1141.0,12.7,4,42,17,40.5,3.31,1.34,0.1,0.24,11.6,0,0,0,5.4,5.4,0.13,-1.4,-1.4
Mykhailo Mudryk,UKR,"FW,MF",Chelsea,23-073,911.0,10.1,4,17,5,29.4,1.68,0.49,0.24,0.8,16.8,0,0,0,2.8,2.8,0.16,1.2,1.2
Ross Barkley,ENG,MF,Luton Town,30-104,1963.0,21.8,4,53,12,22.6,2.43,0.55,0.08,0.33,21.2,5,0,0,3.4,3.4,0.06,0.6,0.6
Lyle Foster,RSA,FW,Burnley,23-197,1131.0,12.6,4,20,9,45.0,1.59,0.72,0.2,0.44,16.3,0,0,0,2.0,2.0,0.1,2.0,2.0
Cristian Romero,ARG,DF,Tottenham Hotspur,25-326,1890.0,21.0,4,13,5,38.5,0.62,0.24,0.31,0.8,11.1,0,0,0,1.6,1.6,0.13,2.4,2.4
Pascal Gro,GER,"MF,DF",Brighton & Hove Albion,32-277,2214.0,24.6,4,44,15,34.1,1.79,0.61,0.07,0.2,19.5,4,1,1,5.3,4.6,0.1,-1.3,-1.6
Chiedozie Ogbene,IRL,"MF,DF",Luton Town,26-322,1902.0,21.1,4,32,13,40.6,1.51,0.62,0.13,0.31,15.3,0,0,0,4.1,4.1,0.13,-0.1,-0.1
Oliver McBurnie,SCO,FW,Sheffield United,27-288,906.0,10.1,4,22,11,50.0,2.19,1.09,0.09,0.18,12.6,0,2,2,4.2,2.6,0.12,-0.2,-0.6
James Maddison,ENG,MF,Tottenham Hotspur,27-116,1460.0,16.2,4,40,19,47.5,2.47,1.17,0.1,0.21,18.9,2,0,0,4.2,4.2,0.1,-0.2,-0.2
Mario Lemina,GAB,MF,Wolverhampton Wanderers,30-199,2179.0,24.2,4,36,13,36.1,1.49,0.54,0.11,0.31,15.7,0,0,0,4.1,4.1,0.11,-0.1,-0.1
Justin Kluivert,NED,"MF,FW",Bournemouth,24-318,1224.0,13.6,4,30,10,33.3,2.21,0.74,0.13,0.4,17.3,1,0,0,3.6,3.6,0.12,0.4,0.4
Sean Longstaff,ENG,MF,Newcastle United,26-140,1899.0,21.1,4,24,10,41.7,1.14,0.47,0.17,0.4,15.5,0,0,0,3.6,3.6,0.15,0.4,0.4
Brennan Johnson,WAL,FW,Tottenham Hotspur,22-300,1276.0,14.2,4,33,15,45.5,2.33,1.06,0.12,0.27,13.7,0,0,0,5.8,5.8,0.17,-1.8,-1.8
Fabian Schar,SUI,DF,Newcastle United,32-089,2443.0,27.1,3,30,8,26.7,1.11,0.29,0.1,0.38,18.7,2,0,0,2.4,2.4,0.08,0.6,0.6
Enzo Fernandez,ARG,MF,Chelsea,23-061,1873.0,20.8,3,39,11,28.2,1.87,0.53,0.05,0.18,22.0,2,1,2,5.7,4.1,0.11,-2.7,-2.1
Alexis Mac Allister,ARG,MF,Liverpool,25-085,1809.0,20.1,3,23,5,21.7,1.14,0.25,0.09,0.4,25.8,0,1,1,2.0,1.2,0.05,1.0,0.8
Jacob Bruun Larsen,DEN,"MF,FW",Burnley,25-181,664.0,7.4,3,22,6,27.3,2.98,0.81,0.09,0.33,20.9,6,1,1,2.5,1.7,0.08,0.5,0.3
Josh Brownhill,ENG,MF,Burnley,28-090,2029.0,22.5,3,24,9,37.5,1.06,0.4,0.13,0.33,20.7,0,0,0,1.6,1.6,0.07,1.4,1.4
Wilson Odobert,FRA,"MF,FW",Burnley,19-111,1322.0,14.7,3,31,9,29.0,2.11,0.61,0.1,0.33,19.4,0,0,0,1.8,1.8,0.06,1.2,1.2
Kaoru Mitoma,JPN,FW,Brighton & Hove Albion,26-303,1486.0,16.5,3,34,15,44.1,2.06,0.91,0.09,0.2,13.2,0,0,0,3.5,3.5,0.1,-0.5,-0.5
Mathias Jensen,DEN,MF,Brentford,28-077,1593.0,17.7,3,12,6,50.0,0.68,0.34,0.25,0.5,27.6,3,0,0,0.6,0.6,0.05,2.4,2.4
Bruno Guimaraes,BRA,MF,Newcastle United,26-123,2364.0,26.3,3,31,9,29.0,1.18,0.34,0.1,0.33,18.3,0,0,0,2.6,2.6,0.09,0.4,0.4
Gustavo Hamer,NED,MF,Sheffield United,26-268,2063.0,22.9,3,32,7,21.9,1.4,0.31,0.09,0.43,23.6,3,0,0,2.2,2.2,0.07,0.8,0.8
Harry Wilson,WAL,FW,Fulham,26-362,1411.0,15.7,3,34,11,32.4,2.17,0.7,0.09,0.27,19.6,3,0,0,3.0,3.0,0.09,0.0,0.0
Tahith Chong,NED,MF,Luton Town,24-105,1276.0,14.2,3,24,6,25.0,1.69,0.42,0.13,0.5,16.6,0,0,0,2.2,2.2,0.09,0.8,0.8
Morgan Gibbs-White,ENG,"MF,FW",Nott'ham Forest,24-051,2383.0,26.5,3,52,10,19.2,1.96,0.38,0.04,0.2,20.1,3,1,1,5.0,4.2,0.08,-2.0,-2.2
Jack Hinshelwood,ENG,DF,Brighton & Hove Albion,18-342,869.0,9.7,3,14,8,57.1,1.45,0.83,0.21,0.38,9.2,0,0,0,1.9,1.9,0.14,1.1,1.1
James Mcatee,ENG,"MF,FW",Sheffield United,21-152,1570.0,17.4,3,21,6,28.6,1.2,0.34,0.1,0.33,18.8,2,1,1,2.4,1.7,0.08,0.6,0.3
Facundo Buonanotte,ARG,"MF,FW",Brighton & Hove Albion,19-086,943.0,10.5,3,16,6,37.5,1.53,0.57,0.19,0.5,16.9,0,0,0,1.9,1.9,0.12,1.1,1.1
Solly March,ENG,"FW,DF",Brighton & Hove Albion,29-242,554.0,6.2,3,14,6,42.9,2.27,0.97,0.21,0.5,16.6,1,0,0,2.0,2.0,0.14,1.0,1.0
Pape Matar Sarr,SEN,MF,Tottenham Hotspur,21-186,1485.0,16.5,3,29,12,41.4,1.76,0.73,0.1,0.25,17.3,0,0,0,2.6,2.6,0.09,0.4,0.4
Danny Welbeck,ENG,"FW,MF",Brighton & Hove Albion,33-113,1028.0,11.4,3,28,12,42.9,2.45,1.05,0.11,0.25,15.8,1,0,0,3.6,3.6,0.13,-0.6,-0.6
Dominic Calvert-Lewin,ENG,FW,Everton,27-002,1583.0,17.6,3,52,17,32.7,2.96,0.97,0.06,0.18,12.7,0,0,0,9.3,9.3,0.18,-6.3,-6.3
Pablo Sarabia,ESP,"MF,FW",Wolverhampton Wanderers,31-312,1273.0,14.1,3,34,11,32.4,2.4,0.78,0.06,0.18,18.9,5,1,1,3.6,2.8,0.08,-0.6,-0.8
Marcos Senesi,ARG,DF,Bournemouth,26-313,1658.0,18.4,3,7,3,42.9,0.38,0.16,0.43,1.0,14.0,0,0,0,1.0,1.0,0.14,2.0,2.0
Lewis Dunk,ENG,DF,Brighton & Hove Albion,32-118,2104.0,23.4,3,29,9,31.0,1.24,0.38,0.1,0.33,13.7,4,0,0,2.9,2.9,0.1,0.1,0.1
Miguel Almiron,PAR,FW,Newcastle United,30-037,1838.0,20.4,3,40,11,27.5,1.96,0.54,0.08,0.27,16.3,0,0,0,4.5,4.5,0.11,-1.5,-1.5
Jack Grealish,ENG,FW,Manchester City,28-190,707.0,7.9,3,16,5,31.3,2.04,0.64,0.19,0.6,15.6,0,0,0,1.9,1.9,0.12,1.1,1.1
Jack Harrison,ENG,"MF,FW",Everton,27-119,1730.0,19.2,3,24,8,33.3,1.25,0.42,0.13,0.38,17.0,1,0,0,3.2,3.2,0.13,-0.2,-0.2
Joao Palhinha,POR,MF,Fulham,28-253,1960.0,21.8,3,30,10,33.3,1.38,0.46,0.1,0.3,15.8,0,0,0,2.2,2.2,0.07,0.8,0.8
Lucas Paqueta,BRA,"FW,MF",West Ham United,26-204,1756.0,19.5,3,28,6,21.4,1.44,0.31,0.07,0.33,16.7,0,1,1,3.9,3.1,0.11,-0.9,-1.1
Dominik Szoboszlai,HUN,MF,Liverpool,23-145,1732.0,19.2,3,45,11,24.4,2.34,0.57,0.07,0.27,25.4,7,0,0,2.4,2.4,0.05,0.6,0.6
Jeremy Doku,BEL,"FW,MF",Manchester City,21-296,1199.0,13.3,2,34,10,29.4,2.55,0.75,0.06,0.2,16.8,0,0,0,1.4,1.4,0.04,0.6,0.6
Ben White,ENG,DF,Arsenal,26-162,2134.0,23.7,2,8,4,50.0,0.34,0.17,0.25,0.5,13.7,0,0,0,0.7,0.7,0.09,1.3,1.3
Nicolas Dominguez,ARG,"MF,FW",Nott'ham Forest,25-264,1354.0,15.0,2,20,5,25.0,1.33,0.33,0.1,0.4,16.6,0,0,0,1.2,1.2,0.06,0.8,0.8
Philip Billing,DEN,MF,Bournemouth,27-281,1239.0,13.8,2,25,6,24.0,1.82,0.44,0.08,0.33,20.3,5,0,0,2.1,2.1,0.09,-0.1,-0.1
Dan Burn,ENG,DF,Newcastle United,31-314,1826.0,20.3,2,16,5,31.3,0.79,0.25,0.13,0.4,9.0,0,0,0,2.4,2.4,0.16,-0.4,-0.4
Trent Alexander-Arnold,ENG,DF,Liverpool,25-163,1622.0,18.0,2,30,4,13.3,1.66,0.22,0.07,0.5,24.2,3,0,0,1.8,1.5,0.05,0.2,0.5
Nathan Ake,NED,DF,Manchester City,29-029,1727.0,19.2,2,18,4,22.2,0.94,0.21,0.11,0.5,11.3,0,0,0,1.6,1.6,0.09,0.4,0.4
Kurt Zouma,FRA,DF,West Ham United,29-143,1997.0,22.2,2,14,6,42.9,0.63,0.27,0.14,0.33,9.2,0,0,0,1.5,1.5,0.11,0.5,0.5
Manuel Akanji,SUI,"DF,MF",Manchester City,28-243,1676.0,18.6,2,10,4,40.0,0.54,0.21,0.2,0.5,19.6,0,0,0,0.9,0.9,0.09,1.1,1.1
Harvey Elliott,ENG,"MF,FW",Liverpool,20-349,838.0,9.3,2,29,9,31.0,3.11,0.97,0.07,0.22,22.9,1,0,0,1.3,1.3,0.05,0.7,0.7
Axel Disasi,FRA,DF,Chelsea,26-007,2226.0,24.7,2,12,4,33.3,0.49,0.16,0.17,0.5,11.4,0,0,0,1.4,1.4,0.11,0.6,0.6
Luis Sinisterra,COL,"FW,MF",Bournemouth,24-275,661.0,7.3,2,26,8,30.8,3.54,1.09,0.08,0.25,13.9,0,0,0,2.5,2.5,0.1,-0.5,-0.5
Thiago Silva,BRA,DF,Chelsea,39-178,1983.0,22.0,2,9,3,33.3,0.41,0.14,0.22,0.67,9.4,0,0,0,0.4,0.4,0.05,1.6,1.6
Marcus Tavernier,ENG,FW,Bournemouth,24-362,1815.0,20.2,2,46,13,28.3,2.28,0.64,0.04,0.15,19.8,3,0,0,3.6,3.6,0.08,-1.6,-1.6
Timo Werner,GER,FW,Tottenham Hotspur,28-012,443.0,4.9,2,20,6,30.0,4.06,1.22,0.1,0.33,14.1,0,0,0,2.6,2.6,0.13,-0.6,-0.6
Beto,GNB,FW,Everton,26-047,746.0,8.3,2,34,8,23.5,4.1,0.97,0.06,0.25,15.3,0,0,1,4.7,3.9,0.12,-2.7,-1.9
Joachim Andersen,DEN,DF,Crystal Palace,27-292,2519.0,28.0,2,18,8,44.4,0.64,0.29,0.11,0.25,13.5,1,0,0,1.3,1.3,0.07,0.7,0.7
Matty Cash,POL,DF,Aston Villa,26-224,1853.0,20.6,2,31,13,41.9,1.51,0.63,0.06,0.15,15.4,0,0,0,4.1,4.1,0.14,-2.1,-2.1
Michail Antonio,JAM,FW,West Ham United,33-356,959.0,10.7,2,14,4,28.6,1.31,0.38,0.14,0.5,13.1,0,0,0,2.2,2.2,0.15,-0.2,-0.2
Giovani Lo Celso,ARG,MF,Tottenham Hotspur,27-344,424.0,4.7,2,9,5,55.6,1.91,1.06,0.22,0.4,22.0,0,0,0,0.4,0.4,0.05,1.6,1.6
Pau Torres,ESP,DF,Aston Villa,27-062,1744.0,19.4,2,9,4,44.4,0.46,0.21,0.22,0.5,14.7,0,0,0,0.9,0.9,0.1,1.1,1.1
Ben Brereton,CHI,"MF,FW",Sheffield United,24-335,254.0,2.8,2,7,5,71.4,2.48,1.77,0.29,0.4,15.5,0,0,0,1.1,1.1,0.16,0.9,0.9
Jacob Brown,SCO,"MF,FW",Luton Town,25-343,1019.0,11.3,2,26,6,23.1,2.3,0.53,0.08,0.33,14.1,0,0,0,2.8,2.8,0.11,-0.8,-0.8
Vitaliy Mykolenko,UKR,DF,Everton,24-294,2064.0,22.9,2,24,5,20.8,1.05,0.22,0.08,0.4,18.4,0,0,0,1.5,1.5,0.06,0.5,0.5
Pedro Neto,POR,"FW,MF",Wolverhampton Wanderers,24-009,1503.0,16.7,2,35,11,31.4,2.1,0.66,0.06,0.18,16.5,2,0,0,3.4,3.4,0.1,-1.4,-1.4
Jarrad Branthwaite,ENG,DF,Everton,21-265,2250.0,25.0,2,8,3,37.5,0.32,0.12,0.25,0.67,11.3,0,0,0,1.4,1.4,0.18,0.6,0.6
Jhon Duran,COL,"FW,MF",Aston Villa,20-096,185.0,2.1,2,12,4,33.3,5.84,1.95,0.17,0.5,16.7,0,0,0,1.3,1.3,0.11,0.7,0.7
Dwight McNeil,ENG,"MF,FW",Everton,24-117,2014.0,22.4,2,43,11,25.6,1.92,0.49,0.05,0.18,20.7,0,0,0,2.8,2.8,0.07,-0.8,-0.8
Ben Mee,ENG,DF,Brentford,34-179,1272.0,14.1,2,10,2,20.0,0.71,0.14,0.2,1.0,12.7,0,0,0,1.5,1.5,0.15,0.5,0.5
Jacob Murphy,ENG,FW,Newcastle United,29-023,476.0,5.3,2,15,5,33.3,2.84,0.95,0.13,0.4,18.9,0,0,0,0.9,0.9,0.06,1.1,1.1
Sven Botman,NED,DF,Newcastle United,24-066,1377.0,15.3,2,10,2,20.0,0.65,0.13,0.2,1.0,10.5,0,0,0,0.6,0.6,0.06,1.4,1.4
Christian Nrgaard,DEN,MF,Brentford,30-008,2175.0,24.2,2,33,7,21.2,1.37,0.29,0.06,0.29,14.5,0,0,0,3.4,3.4,0.1,-1.4,-1.4
Amadou Onana,BEL,MF,Everton,22-215,1663.0,18.5,2,24,6,25.0,1.3,0.32,0.08,0.33,19.5,0,0,0,1.8,1.8,0.07,0.2,0.2
Christopher Nkunku,FRA,"FW,MF",Chelsea,26-125,319.0,3.5,2,11,5,45.5,3.1,1.41,0.18,0.4,9.7,0,0,0,1.7,1.7,0.16,0.3,0.3
William Saliba,FRA,DF,Arsenal,22-360,2520.0,28.0,2,8,2,25.0,0.29,0.07,0.25,1.0,11.0,0,0,0,1.5,1.5,0.19,0.5,0.5
Carlos Vinicius,BRA,FW,Fulham,28-359,315.0,3.5,2,9,5,55.6,2.57,1.43,0.22,0.4,10.9,0,0,0,1.6,1.6,0.18,0.4,0.4
Virgil van Dijk,NED,DF,Liverpool,32-254,2277.0,25.3,2,29,10,34.5,1.15,0.4,0.07,0.2,12.4,1,0,0,2.1,2.1,0.07,-0.1,-0.1
Destiny Udogie,ITA,DF,Tottenham Hotspur,21-111,2031.0,22.6,2,8,4,50.0,0.35,0.18,0.25,0.5,9.2,0,0,0,2.3,2.3,0.29,-0.3,-0.3
Max Kilman,ENG,DF,Wolverhampton Wanderers,26-300,2520.0,28.0,2,10,5,50.0,0.36,0.18,0.2,0.4,8.9,0,0,0,1.6,1.6,0.16,0.4,0.4
Sasa Kalajdzic,AUT,FW,Wolverhampton Wanderers,26-255,166.0,1.8,2,4,2,50.0,2.17,1.08,0.5,1.0,11.2,0,0,0,1.1,1.1,0.26,0.9,0.9
Keane Lewis-Potter,ENG,"FW,DF",Brentford,23-025,1036.0,11.5,2,27,11,40.7,2.35,0.96,0.07,0.18,13.6,0,0,0,3.3,3.3,0.12,-1.3,-1.3
Joelinton,BRA,"MF,FW",Newcastle United,27-217,1133.0,12.6,2,15,5,33.3,1.19,0.4,0.13,0.4,16.0,0,0,0,2.3,2.3,0.15,-0.3,-0.3
Jean-Ricner Bellegarde,FRA,"MF,FW",Wolverhampton Wanderers,25-265,806.0,9.0,2,14,5,35.7,1.56,0.56,0.14,0.4,17.2,0,0,0,1.4,1.4,0.1,0.6,0.6
Noni Madueke,ENG,FW,Chelsea,22-008,349.0,3.9,2,9,3,33.3,2.32,0.77,0.11,0.33,19.0,0,1,1,1.2,0.4,0.04,0.8,0.6
Gabriel Osho,NGA,DF,Luton Town,25-217,1396.0,15.5,2,8,2,25.0,0.52,0.13,0.25,1.0,11.6,0,0,0,1.0,1.0,0.13,1.0,1.0
Conor Gallagher,ENG,MF,Chelsea,24-041,2182.0,24.2,2,33,12,36.4,1.36,0.49,0.06,0.17,21.0,0,0,0,2.4,2.4,0.07,-0.4,-0.4
Ansu Fati,ESP,"MF,FW",Brighton & Hove Albion,21-139,476.0,5.3,2,23,10,43.5,4.35,1.89,0.09,0.2,14.3,0,0,0,3.3,3.3,0.14,-1.3,-1.3
Pervis Estupinan,ECU,DF,Brighton & Hove Albion,26-057,1052.0,11.7,2,10,6,60.0,0.86,0.51,0.2,0.33,18.8,0,0,0,0.9,0.9,0.09,1.1,1.1
Joao Gomes,BRA,MF,Wolverhampton Wanderers,23-035,1815.0,20.2,2,18,5,27.8,0.89,0.25,0.11,0.4,20.0,0,0,0,1.1,1.1,0.06,0.9,0.9
Alex Moreno,ESP,DF,Aston Villa,30-284,874.0,9.7,2,7,4,57.1,0.72,0.41,0.29,0.5,11.9,0,0,0,1.1,1.1,0.16,0.9,0.9
Harvey Barnes,ENG,FW,Newcastle United,26-100,360.0,4.0,2,12,4,33.3,3.0,1.0,0.17,0.5,19.7,0,0,0,1.2,1.2,0.1,0.8,0.8
Jay Rodriguez,ENG,FW,Burnley,34-233,731.0,8.1,2,17,6,35.3,2.09,0.74,0.06,0.17,13.0,0,1,1,3.0,2.2,0.13,-1.0,-1.2
Jeffrey Schlupp,GHA,"FW,MF",Crystal Palace,31-086,1223.0,13.6,1,17,9,52.9,1.25,0.66,0.06,0.11,18.6,0,0,0,1.7,1.7,0.1,-0.7,-0.7
Alex Scott,ENG,MF,Bournemouth,20-210,692.0,7.7,1,9,2,22.2,1.17,0.26,0.11,0.5,24.5,2,0,0,0.5,0.5,0.05,0.5,0.5
Matt Doherty,IRL,"DF,MF",Wolverhampton Wanderers,32-062,593.0,6.6,1,5,2,40.0,0.76,0.3,0.2,0.5,11.0,0,0,0,0.5,0.5,0.11,0.5,0.5
Lewis Dobbin,ENG,MF,Everton,21-075,210.0,2.3,1,5,2,40.0,2.14,0.86,0.2,0.5,15.6,0,0,0,0.3,0.3,0.06,0.7,0.7
Alfie Doughty,ENG,DF,Luton Town,24-088,2130.0,23.7,1,20,3,15.0,0.85,0.13,0.05,0.33,16.4,1,0,0,0.9,0.9,0.05,0.1,0.1
Craig Dawson,ENG,DF,Wolverhampton Wanderers,33-317,2209.0,24.5,1,16,5,31.3,0.65,0.2,0.06,0.2,11.2,0,0,0,1.5,1.5,0.09,-0.5,-0.5
John Stones,ENG,"DF,MF",Manchester City,29-295,952.0,10.6,1,4,2,50.0,0.38,0.19,0.25,0.5,15.9,0,0,0,1.0,1.0,0.26,0.0,0.0
Rayan Ait Nouri,ALG,"DF,MF",Wolverhampton Wanderers,22-286,1705.0,18.9,1,15,3,20.0,0.79,0.16,0.07,0.33,15.9,0,0,0,1.9,1.9,0.13,-0.9,-0.9
Ola Aina,NGA,DF,Nott'ham Forest,27-162,989.0,11.0,1,6,1,16.7,0.55,0.09,0.17,1.0,26.3,0,0,0,0.2,0.2,0.03,0.8,0.8
Anel Ahmedhodzic,BIH,DF,Sheffield United,24-358,1840.0,20.4,1,15,3,20.0,0.73,0.15,0.07,0.33,12.4,0,0,0,2.5,2.5,0.17,-1.5,-1.5
Oleksandr Zinchenko,UKR,DF,Arsenal,27-094,1440.0,16.0,1,15,3,20.0,0.94,0.19,0.07,0.33,22.4,0,0,0,0.5,0.5,0.03,0.5,0.5
Kristoffer Ajer,NOR,DF,Brentford,25-336,1298.0,14.4,1,7,2,28.6,0.49,0.14,0.14,0.5,9.4,0,0,0,0.7,0.7,0.1,0.3,0.3
Sandro Tonali,ITA,MF,Newcastle United,23-315,438.0,4.9,1,3,2,66.7,0.62,0.41,0.33,0.5,15.8,0,0,0,0.7,0.7,0.22,0.3,0.3
Tosin Adarabioyo,ENG,DF,Fulham,26-176,1173.0,13.0,1,10,3,30.0,0.77,0.23,0.1,0.33,15.5,0,0,0,0.6,0.6,0.06,0.4,0.4
Nayef Aguerd,MAR,DF,West Ham United,27-354,1767.0,19.6,1,14,3,21.4,0.71,0.15,0.07,0.33,10.8,0,0,0,1.5,1.5,0.11,-0.5,-0.5
Kevin De Bruyne,BEL,MF,Manchester City,32-264,493.0,5.5,1,18,4,22.2,3.29,0.73,0.06,0.25,22.7,4,0,0,1.0,1.0,0.06,0.0,0.0
Leander Dendoncker,BEL,MF,Aston Villa,28-338,119.0,1.3,1,2,1,50.0,1.51,0.76,0.5,1.0,12.5,0,0,0,0.7,0.7,0.37,0.3,0.3
Lucas Digne,FRA,DF,Aston Villa,30-242,1636.0,18.2,1,15,4,26.7,0.83,0.22,0.07,0.25,20.2,4,0,0,0.8,0.8,0.05,0.2,0.2
Vinicius Souza,BRA,MF,Sheffield United,24-275,2167.0,24.1,1,10,4,40.0,0.42,0.17,0.1,0.25,22.4,0,0,0,0.4,0.4,0.04,0.6,0.6
Arnaut Danjuma,NED,"MF,FW",Everton,27-047,595.0,6.6,1,25,9,36.0,3.78,1.36,0.04,0.11,16.0,1,0,0,2.6,2.6,0.1,-1.6,-1.6
Ben Davies,WAL,DF,Tottenham Hotspur,30-329,1003.0,11.1,1,12,2,16.7,1.08,0.18,0.08,0.5,11.8,0,0,0,2.3,2.3,0.19,-1.3,-1.3
Danilo,BRA,"MF,FW",Nott'ham Forest,22-324,1123.0,12.5,1,14,4,28.6,1.12,0.32,0.07,0.25,22.6,0,0,0,0.6,0.6,0.05,0.4,0.4
James Tarkowski,ENG,DF,Everton,31-120,2519.0,28.0,1,21,3,14.3,0.75,0.11,0.05,0.33,9.8,0,0,0,2.2,2.2,0.1,-1.2,-1.2
Maxwel Cornet,CIV,"MF,FW",West Ham United,27-173,105.0,1.2,1,4,1,25.0,3.43,0.86,0.25,1.0,12.5,0,0,0,0.4,0.4,0.1,0.6,0.6
Cauley Woodrow,ENG,"FW,MF",Luton Town,29-107,295.0,3.3,1,10,3,30.0,3.05,0.92,0.1,0.33,16.5,0,0,0,1.1,1.1,0.11,-0.1,-0.1
Oscar Bobb,NOR,"FW,MF",Manchester City,20-250,180.0,2.0,1,3,1,33.3,1.5,0.5,0.33,1.0,9.1,0,0,0,1.3,1.3,0.43,-0.3,-0.3
Casemiro,BRA,MF,Manchester Utd,32-024,1177.0,13.1,1,26,6,23.1,1.99,0.46,0.04,0.17,17.9,1,0,0,2.4,2.4,0.09,-1.4,-1.4
Youri Tielemans,BEL,"MF,FW",Aston Villa,26-316,1055.0,11.7,1,10,3,30.0,0.85,0.26,0.1,0.33,18.8,0,0,0,1.1,1.1,0.11,-0.1,-0.1
Kenny Tete,NED,DF,Fulham,28-161,681.0,7.6,1,3,1,33.3,0.4,0.13,0.33,1.0,8.8,0,0,0,0.8,0.8,0.26,0.2,0.2
Tom Cairney,SCO,MF,Fulham,33-058,1246.0,13.8,1,12,5,41.7,0.87,0.36,0.08,0.2,20.9,0,0,0,0.8,0.8,0.06,0.2,0.2
Joe Willock,ENG,MF,Newcastle United,24-211,304.0,3.4,1,4,2,50.0,1.18,0.59,0.25,0.5,6.3,0,0,0,0.7,0.7,0.16,0.3,0.3
Carney Chukwuemeka,ENG,"MF,FW",Chelsea,20-150,171.0,1.9,1,2,2,100.0,1.05,1.05,0.5,0.5,17.5,0,0,0,0.1,0.1,0.07,0.9,0.9
Ameen Al-Dakhil,BEL,DF,Burnley,22-012,1056.0,11.7,1,8,3,37.5,0.68,0.26,0.13,0.33,16.0,0,0,0,1.3,1.3,0.16,-0.3,-0.3
Diogo Dalot,POR,DF,Manchester Utd,25-000,2274.0,25.3,1,21,4,19.0,0.83,0.16,0.05,0.25,20.6,0,0,0,0.9,0.9,0.04,0.1,0.1
Levi Colwill,ENG,DF,Chelsea,21-021,1797.0,20.0,1,11,3,27.3,0.55,0.15,0.09,0.33,11.9,0,0,0,1.3,1.3,0.12,-0.3,-0.3
Charlie Taylor,ENG,DF,Burnley,30-182,1813.0,20.1,1,9,1,11.1,0.45,0.05,0.11,1.0,26.7,0,0,0,0.1,0.1,0.02,0.9,0.9
Nathan Collins,IRL,DF,Brentford,22-323,1932.0,21.5,1,10,2,20.0,0.47,0.09,0.1,0.5,9.9,0,0,0,1.6,1.6,0.16,-0.6,-0.6
Takehiro Tomiyasu,JPN,DF,Arsenal,25-134,634.0,7.0,1,8,2,25.0,1.14,0.28,0.13,0.5,17.8,0,0,0,0.5,0.5,0.06,0.5,0.5
Harry Toffolo,ENG,DF,Nott'ham Forest,28-212,1327.0,14.7,1,8,5,62.5,0.54,0.34,0.13,0.2,14.4,0,0,0,1.6,1.6,0.21,-0.6,-0.6
Kevin Schade,GER,"FW,MF",Brentford,22-112,257.0,2.9,1,5,2,40.0,1.75,0.7,0.2,0.5,15.8,0,0,0,0.7,0.7,0.14,0.3,0.3
Tyrick Mitchell,ENG,DF,Crystal Palace,24-199,2347.0,26.1,1,5,2,40.0,0.19,0.08,0.2,0.5,13.1,0,0,0,0.7,0.7,0.14,0.3,0.3
Kieffer Moore,WAL,"FW,MF",Bournemouth,31-223,108.0,1.2,1,6,2,33.3,5.0,1.67,0.17,0.5,12.5,0,0,0,1.5,1.5,0.25,-0.5,-0.5
Danny Ings,ENG,FW,West Ham United,31-239,264.0,2.9,1,9,3,33.3,3.07,1.02,0.11,0.33,13.4,0,0,0,1.1,1.1,0.13,-0.1,-0.1
Shandon Baptiste,GRN,MF,Brentford,25-345,229.0,2.5,1,2,2,100.0,0.79,0.79,0.5,0.5,6.6,0,0,0,0.9,0.9,0.45,0.1,0.1
Jayden Bogle,ENG,DF,Sheffield United,23-235,1916.0,21.3,1,19,6,31.6,0.89,0.28,0.05,0.17,16.7,0,0,0,1.4,1.4,0.07,-0.4,-0.4
Moussa Niakhate,SEN,DF,Nott'ham Forest,28-010,1160.0,12.9,1,5,1,20.0,0.39,0.08,0.2,1.0,9.0,0,0,0,1.1,1.1,0.22,-0.1,-0.1
Conor Bradley,NIR,DF,Liverpool,20-253,441.0,4.9,1,8,4,50.0,1.63,0.82,0.13,0.25,17.2,0,0,0,0.7,0.7,0.09,0.3,0.3
Dara O'Shea,IRL,DF,Burnley,25-014,2196.0,24.4,1,13,3,23.1,0.53,0.12,0.08,0.33,10.2,0,0,0,0.5,0.5,0.04,0.5,0.5
Oliver Norwood,NIR,MF,Sheffield United,32-341,1408.0,15.6,1,14,5,35.7,0.89,0.32,0.0,0.0,32.9,0,1,1,1.1,0.3,0.02,-0.1,-0.3
Tim Ream,USA,DF,Fulham,36-165,1413.0,15.7,1,1,1,100.0,0.06,0.06,1.0,1.0,1.3,0,0,0,1.0,1.0,0.96,0.0,0.0
Idrissa Gana Gueye,SEN,MF,Everton,34-174,1303.0,14.5,1,20,3,15.0,1.38,0.21,0.05,0.33,22.2,0,0,0,1.1,1.1,0.05,-0.1,-0.1
Willy Boly,CIV,DF,Nott'ham Forest,33-044,1085.0,12.1,1,12,5,41.7,1.0,0.41,0.08,0.2,10.6,0,0,0,1.3,1.3,0.11,-0.3,-0.3
Andreas Pereira,BRA,MF,Fulham,28-077,2001.0,22.2,1,38,10,26.3,1.71,0.45,0.03,0.1,22.9,6,0,0,2.3,2.3,0.06,-1.3,-1.3
Mads Roerslev,DEN,DF,Brentford,24-268,1471.0,16.3,1,6,1,16.7,0.37,0.06,0.17,1.0,13.7,0,0,0,0.9,0.9,0.15,0.1,0.1
Wataru Endo,JPN,MF,Liverpool,31-038,1094.0,12.2,1,8,2,25.0,0.66,0.16,0.13,0.5,23.2,0,0,0,0.3,0.3,0.04,0.7,0.7
Andre Gomes,POR,"MF,FW",Everton,30-232,200.0,2.2,1,6,4,66.7,2.7,1.8,0.17,0.25,19.6,1,0,0,0.2,0.2,0.04,0.8,0.8
Chris Richards,USA,"DF,MF",Crystal Palace,23-356,1464.0,16.3,1,6,1,16.7,0.37,0.06,0.17,1.0,9.7,0,0,0,0.3,0.3,0.05,0.7,0.7
Andrew Robertson,SCO,DF,Liverpool,30-007,1066.0,11.8,1,4,2,50.0,0.34,0.17,0.25,0.5,8.7,0,0,0,0.7,0.7,0.18,0.3,0.3
Matt Ritchie,SCO,FW,Newcastle United,34-190,109.0,1.2,1,5,3,60.0,4.13,2.48,0.2,0.33,11.9,0,0,0,0.8,0.8,0.16,0.2,0.2
Jack Robinson,ENG,DF,Sheffield United,30-199,2322.0,25.8,1,9,3,33.3,0.35,0.12,0.11,0.33,11.6,0,0,0,1.0,1.0,0.12,0.0,0.0
Christian Eriksen,DEN,MF,Manchester Utd,32-033,887.0,9.9,1,9,4,44.4,0.91,0.41,0.11,0.25,21.5,1,0,0,0.7,0.7,0.08,0.3,0.3
Emerson,BRA,DF,Tottenham Hotspur,25-064,959.0,10.7,1,5,3,60.0,0.47,0.28,0.2,0.33,21.4,0,0,0,0.2,0.2,0.03,0.8,0.8
James Garner,ENG,MF,Everton,23-005,2311.0,25.7,1,32,10,31.3,1.25,0.39,0.03,0.1,22.4,4,0,0,2.2,2.2,0.07,-1.2,-1.2
Ethan Pinnock,JAM,DF,Brentford,30-294,2070.0,23.0,1,15,3,20.0,0.65,0.13,0.07,0.33,9.5,0,0,0,1.7,1.7,0.11,-0.7,-0.7
Jacob Ramsey,ENG,"MF,FW",Aston Villa,22-295,853.0,9.5,1,19,4,21.1,2.0,0.42,0.05,0.25,15.9,0,0,0,2.2,2.2,0.11,-1.2,-1.2
Emerson Palmieri,ITA,DF,West Ham United,29-228,2271.0,25.2,1,15,3,20.0,0.59,0.12,0.07,0.33,18.6,0,0,0,1.1,1.1,0.07,-0.1,-0.1
Dango Ouattara,BFA,"DF,FW",Bournemouth,22-036,673.0,7.5,1,20,3,15.0,2.67,0.4,0.05,0.33,14.5,0,0,0,1.9,1.9,0.09,-0.9,-0.9
Saman Ghoddos,IRN,DF,Brentford,30-194,707.0,7.9,1,9,2,22.2,1.15,0.25,0.11,0.5,22.5,0,0,0,0.3,0.3,0.03,0.7,0.7
Armando Broja,ALB,FW,Chelsea,22-190,454.0,5.0,1,13,2,15.4,2.58,0.4,0.08,0.5,11.1,0,0,0,2.4,2.4,0.18,-1.4,-1.4
Konstantinos Mavropanos,GRE,DF,West Ham United,26-098,991.0,11.0,1,9,1,11.1,0.82,0.09,0.11,1.0,9.4,0,0,0,0.8,0.8,0.09,0.2,0.2
Teden Mengi,ENG,DF,Luton Town,21-323,1823.0,20.3,1,8,3,37.5,0.39,0.15,0.13,0.33,17.7,0,0,0,0.4,0.4,0.05,0.6,0.6
Sasa Lukic,SRB,MF,Fulham,27-218,724.0,8.0,1,9,3,33.3,1.12,0.37,0.11,0.33,18.0,0,0,0,1.3,1.3,0.14,-0.3,-0.3
Orel Mangala,BEL,MF,Nott'ham Forest,26-000,1563.0,17.4,1,10,1,10.0,0.58,0.06,0.1,1.0,18.9,0,0,0,0.8,0.8,0.08,0.2,0.2
Kobbie Mainoo,ENG,MF,Manchester Utd,18-334,1106.0,12.3,1,5,2,40.0,0.41,0.16,0.2,0.5,23.1,0,0,0,0.2,0.2,0.04,0.8,0.8
Harry Maguire,ENG,DF,Manchester Utd,31-013,1158.0,12.9,1,13,2,15.4,1.01,0.16,0.08,0.5,10.3,0,0,0,1.7,1.7,0.13,-0.7,-0.7
Sander Berge,NOR,MF,Burnley,26-033,2195.0,24.4,1,20,3,15.0,0.82,0.12,0.05,0.33,16.7,0,0,0,1.7,1.7,0.09,-0.7,-0.7
Anthony Martial,FRA,FW,Manchester Utd,28-104,448.0,5.0,1,6,4,66.7,1.21,0.8,0.17,0.25,12.9,0,0,0,1.2,1.2,0.2,-0.2,-0.2
Rodrigo Bentancur,URU,MF,Tottenham Hotspur,26-267,534.0,5.9,1,9,2,22.2,1.52,0.34,0.11,0.5,15.3,0,0,0,1.0,1.0,0.12,0.0,0.0
Calvin Bassey,NGA,DF,Fulham,24-078,1493.0,16.6,1,4,1,25.0,0.24,0.06,0.25,1.0,10.1,0,0,0,0.3,0.3,0.08,0.7,0.7
Lewis Miley,ENG,MF,Newcastle United,17-322,1202.0,13.4,1,13,3,23.1,0.97,0.22,0.08,0.33,15.4,0,0,0,1.2,1.2,0.1,-0.2,-0.2
Hannibal Mejbri,TUN,"MF,FW",Manchester Utd,21-057,133.0,1.5,1,1,1,100.0,0.68,0.68,1.0,1.0,28.7,0,0,0,0.0,0.0,0.03,1.0,1.0
David Brooks,WAL,"FW,MF",Bournemouth,26-254,282.0,3.1,1,13,5,38.5,4.15,1.6,0.08,0.2,17.4,0,0,0,2.2,2.2,0.17,-1.2,-1.2
Valentino Livramento,ENG,DF,Newcastle United,21-127,975.0,10.8,1,3,1,33.3,0.28,0.09,0.33,1.0,13.1,0,0,0,0.3,0.3,0.09,0.7,0.7
Michael Keane,ENG,DF,Everton,31-067,404.0,4.5,1,6,4,66.7,1.34,0.89,0.17,0.25,10.8,0,0,0,0.7,0.7,0.12,0.3,0.3
Jakub Kiwior,POL,DF,Arsenal,24-032,788.0,8.8,1,6,2,33.3,0.69,0.23,0.17,0.5,13.8,0,0,0,0.8,0.8,0.14,0.2,0.2
Victor Lindelof,SWE,DF,Manchester Utd,29-245,1260.0,14.0,1,6,4,66.7,0.43,0.29,0.17,0.25,10.4,0,0,0,0.8,0.8,0.13,0.2,0.2
Tom Lockyer,WAL,DF,Luton Town,29-106,1169.0,13.0,1,7,1,14.3,0.54,0.08,0.14,1.0,8.5,0,0,0,1.1,1.1,0.15,-0.1,-0.1
Jamaal Lascelles,ENG,DF,Newcastle United,30-128,1064.0,11.8,1,6,1,16.7,0.51,0.08,0.17,1.0,9.3,0,0,0,0.7,0.7,0.12,0.3,0.3
Jefferson Lerma,COL,MF,Crystal Palace,29-145,2025.0,22.5,1,32,9,28.1,1.42,0.4,0.03,0.11,19.1,0,0,0,2.6,2.6,0.08,-1.6,-1.6
Rico Lewis,ENG,"MF,DF",Manchester City,19-118,454.0,5.0,1,2,2,100.0,0.4,0.4,0.5,0.5,16.5,0,0,0,0.3,0.3,0.16,0.7,0.7
Curtis Jones,ENG,MF,Liverpool,23-048,956.0,10.6,1,15,4,26.7,1.41,0.38,0.07,0.25,17.0,0,0,0,1.8,1.8,0.12,-0.8,-0.8
Mads Juel Andersen,DEN,DF,Luton Town,26-082,400.0,4.4,1,3,1,33.3,0.68,0.23,0.33,1.0,9.2,0,0,0,0.3,0.3,0.09,0.7,0.7
Kieran Trippier,ENG,DF,Newcastle United,33-181,2163.0,24.0,1,8,2,25.0,0.33,0.08,0.13,0.5,23.8,4,0,0,0.7,0.7,0.08,0.3,0.3
Luca Koleosho,ITA,"MF,FW",Burnley,19-185,974.0,10.8,1,23,5,21.7,2.13,0.46,0.04,0.2,18.5,0,0,0,2.0,2.0,0.09,-1.0,-1.0
Nicolo Zaniolo,ITA,"MF,FW",Aston Villa,24-260,592.0,6.6,1,20,6,30.0,3.04,0.91,0.05,0.17,14.0,0,0,0,1.8,1.8,0.09,-0.8,-0.8
Adama Traore,ESP,"FW,MF",Fulham,28-053,108.0,1.2,1,5,4,80.0,4.17,3.33,0.2,0.25,14.2,0,0,0,1.2,1.2,0.24,-0.2,-0.2
Andros Townsend,ENG,"MF,FW",Luton Town,32-246,875.0,9.7,1,18,7,38.9,1.85,0.72,0.06,0.14,23.7,2,0,0,1.2,1.2,0.06,-0.2,-0.2
Illia Zabarnyi,UKR,DF,Bournemouth,21-199,2520.0,28.0,1,8,2,25.0,0.29,0.07,0.13,0.5,7.5,0,0,0,1.1,1.1,0.14,-0.1,-0.1
Fabio Vieira,POR,"MF,FW",Arsenal,23-293,286.0,3.2,1,5,1,20.0,1.57,0.31,0.0,0.0,18.3,0,1,1,1.2,0.4,0.08,-0.2,-0.4
Raphael Varane,FRA,DF,Manchester Utd,30-328,1263.0,14.0,1,8,2,25.0,0.57,0.14,0.13,0.5,9.2,0,0,0,1.3,1.3,0.16,-0.3,-0.3
Micky van de Ven,NED,DF,Tottenham Hotspur,22-334,1529.0,17.0,1,5,1,20.0,0.29,0.06,0.2,1.0,16.9,0,0,0,0.3,0.3,0.07,0.7,0.7
Enes Unal,TUR,"MF,FW",Bournemouth,26-313,102.0,1.1,1,11,4,36.4,9.71,3.53,0.09,0.25,12.7,0,0,0,1.1,1.1,0.1,-0.1,-0.1
Edson Alvarez,MEX,MF,West Ham United,26-146,1878.0,20.9,1,17,3,17.6,0.81,0.14,0.06,0.33,21.1,0,0,0,1.3,1.3,0.08,-0.3,-0.3
Aaron Wan-Bissaka,ENG,DF,Manchester Utd,26-113,884.0,9.8,0,2,1,50.0,0.2,0.1,0.0,0.0,24.5,0,0,0,0.1,0.1,0.04,-0.1,-0.1
Joel Ward,ENG,DF,Crystal Palace,34-141,1692.0,18.8,0,10,0,0.0,0.53,0.0,0.0,0.0,18.0,0,0,0,0.9,0.9,0.09,-0.9,-0.9
Lesley Ugochukwu,FRA,MF,Chelsea,19-358,273.0,3.0,0,0,0,0.0,0.0,0.0,0.0,0.0,0.0,0,0,0,0.0,0.0,0.0,0.0,0.0
Joel Veltman,NED,DF,Brighton & Hove Albion,32-063,1132.0,12.6,0,2,2,100.0,0.16,0.16,0.0,0.0,20.4,0,0,0,0.1,0.1,0.05,-0.1,-0.1
Bart Verbruggen,NED,GK,Brighton & Hove Albion,21-213,1170.0,13.0,0,0,0,0.0,0.0,0.0,0.0,0.0,0.0,0,0,0,0.0,0.0,0.0,0.0,0.0
Guglielmo Vicario,ITA,GK,Tottenham Hotspur,27-163,2520.0,28.0,0,0,0,0.0,0.0,0.0,0.0,0.0,0.0,0,0,0,0.0,0.0,0.0,0.0,0.0
Vitinho,BRA,"DF,MF",Burnley,24-239,1694.0,18.8,0,15,1,6.7,0.8,0.05,0.0,0.0,19.1,0,0,0,1.0,1.0,0.07,-1.0,-1.0
James Trafford,ENG,GK,Burnley,21-160,2520.0,28.0,0,0,0,0.0,0.0,0.0,0.0,0.0,0.0,0,0,0,0.0,0.0,0.0,0.0,0.0
Boubacar Traore,MLI,"MF,FW",Wolverhampton Wanderers,22-211,403.0,4.5,0,4,0,0.0,0.89,0.0,0.0,0.0,28.9,0,0,0,0.1,0.1,0.02,-0.1,-0.1
Mike Tresor,BEL,"FW,MF",Burnley,24-295,405.0,4.5,0,5,0,0.0,1.11,0.0,0.0,0.0,19.7,1,0,0,0.5,0.5,0.09,-0.5,-0.5
Auston Trusty,USA,DF,Sheffield United,25-219,1773.0,19.7,0,6,1,16.7,0.3,0.05,0.0,0.0,14.4,0,0,0,0.3,0.3,0.05,-0.3,-0.3
Kostas Tsimikas,GRE,DF,Liverpool,27-311,672.0,7.5,0,3,0,0.0,0.4,0.0,0.0,0.0,23.8,0,0,0,0.1,0.1,0.03,-0.1,-0.1
Matt Turner,USA,GK,Nott'ham Forest,29-268,1530.0,17.0,0,0,0,0.0,0.0,0.0,0.0,0.0,0.0,0,0,0,0.0,0.0,0.0,0.0,0.0
Yehor Yarmoliuk,UKR,MF,Brentford,20-017,471.0,5.2,0,6,3,50.0,1.15,0.57,0.0,0.0,0.0,0,0,0,0.0,0.0,0.0,0.0,0.0
Ryan Yates,ENG,MF,Nott'ham Forest,26-118,1421.0,15.8,0,18,4,22.2,1.14,0.25,0.0,0.0,18.2,0,0,0,1.7,1.7,0.1,-1.7,-1.7
Ashley Young,ENG,"DF,MF",Everton,38-253,1528.0,17.0,0,9,1,11.1,0.53,0.06,0.0,0.0,23.5,3,0,0,0.4,0.4,0.05,-0.4,-0.4
Anass Zaroury,MAR,"FW,MF",Burnley,23-132,152.0,1.7,0,3,1,33.3,1.78,0.59,0.0,0.0,20.9,0,0,0,0.2,0.2,0.06,-0.2,-0.2
Ibrahima Konate,FRA,DF,Liverpool,24-298,1332.0,14.8,0,8,2,25.0,0.54,0.14,0.0,0.0,12.5,0,0,0,0.4,0.4,0.05,-0.4,-0.4
Ezri Konsa,ENG,DF,Aston Villa,26-147,2170.0,24.1,0,12,3,25.0,0.5,0.12,0.0,0.0,11.0,0,0,0,1.9,1.9,0.16,-1.9,-1.9
Cheikhou Kouyate,SEN,MF,Nott'ham Forest,34-088,209.0,2.3,0,5,1,20.0,2.15,0.43,0.0,0.0,19.8,0,0,0,0.3,0.3,0.06,-0.3,-0.3
Mateo Kovacic,CRO,MF,Manchester City,29-317,971.0,10.8,0,13,3,23.1,1.2,0.28,0.0,0.0,21.6,0,0,0,0.8,0.8,0.06,-0.8,-0.8
Emil Krafth,SWE,DF,Newcastle United,29-229,108.0,1.2,0,1,0,0.0,0.83,0.0,0.0,0.0,20.0,0,0,0,0.1,0.1,0.06,-0.1,-0.1
Adam Lallana,ENG,MF,Brighton & Hove Albion,35-313,664.0,7.4,0,5,2,40.0,0.68,0.27,0.0,0.0,18.2,0,0,0,0.3,0.3,0.06,-0.3,-0.3
Tariq Lamptey,GHA,"DF,FW",Brighton & Hove Albion,23-170,593.0,6.6,0,5,0,0.0,0.76,0.0,0.0,0.0,19.1,0,0,0,0.4,0.4,0.08,-0.4,-0.4
Yasser Larouci,ALG,DF,Sheffield United,23-077,421.0,4.7,0,5,1,20.0,1.07,0.21,0.0,0.0,20.5,0,0,0,0.2,0.2,0.04,-0.2,-0.2
Clement Lenglet,FRA,DF,Aston Villa,28-275,928.0,10.3,0,6,1,16.7,0.58,0.1,0.0,0.0,11.8,0,0,0,0.8,0.8,0.13,-0.8,-0.8
Bernd Leno,GER,GK,Fulham,32-014,2610.0,29.0,0,0,0,0.0,0.0,0.0,0.0,0.0,0.0,0,0,0,0.0,0.0,0.0,0.0,0.0
Jorginho,ITA,MF,Arsenal,32-089,728.0,8.1,0,4,0,0.0,0.49,0.0,0.0,0.0,24.6,0,0,0,0.1,0.1,0.02,-0.1,-0.1
Mathias Jrgensen,DEN,DF,Brentford,33-330,637.0,7.1,0,3,0,0.0,0.42,0.0,0.0,0.0,12.5,0,0,0,0.2,0.2,0.05,-0.2,-0.2
Issa Kabore,BFA,DF,Luton Town,22-311,1425.0,15.8,0,6,1,16.7,0.38,0.06,0.0,0.0,15.8,0,0,0,0.2,0.2,0.04,-0.2,-0.2
Boubacar Kamara,FRA,MF,Aston Villa,24-116,1652.0,18.4,0,5,1,20.0,0.27,0.05,0.0,0.0,16.7,0,0,0,0.1,0.1,0.03,-0.1,-0.1
Willy Kambwala,FRA,DF,Manchester Utd,19-206,109.0,1.2,0,0,0,0.0,0.0,0.0,0.0,0.0,0.0,0,0,0,0.0,0.0,0.0,0.0,0.0
Thomas Kaminski,BEL,GK,Luton Town,31-147,2610.0,29.0,0,0,0,0.0,0.0,0.0,0.0,0.0,0.0,0,0,0,0.0,0.0,0.0,0.0,0.0
Caoimhin Kelleher,IRL,GK,Liverpool,25-116,630.0,7.0,0,0,0,0.0,0.0,0.0,0.0,0.0,0.0,0,0,0,0.0,0.0,0.0,0.0,0.0
Lloyd Kelly,ENG,DF,Bournemouth,25-164,1012.0,11.2,0,2,1,50.0,0.18,0.09,0.0,0.0,11.0,0,0,0,0.1,0.1,0.07,-0.1,-0.1
Milos Kerkez,HUN,DF,Bournemouth,20-132,1447.0,16.1,0,8,2,25.0,0.5,0.12,0.0,0.0,20.1,0,0,0,0.4,0.4,0.04,-0.4,-0.4
Max Lowe,ENG,"DF,MF",Sheffield United,26-312,399.0,4.4,0,2,0,0.0,0.45,0.0,0.0,0.0,10.4,0,0,0,0.6,0.6,0.29,-0.6,-0.6
Ian Maatsen,NED,"FW,MF",Chelsea,22-008,209.0,2.3,0,5,0,0.0,2.15,0.0,0.0,0.0,17.1,0,0,0,0.8,0.8,0.16,-0.8,-0.8
Benson Manuel,BEL,"MF,FW",Burnley,26-356,92.0,1.0,0,3,1,33.3,2.93,0.98,0.0,0.0,24.1,0,0,0,0.0,0.0,0.01,0.0,0.0
Chris Basham,ENG,"DF,MF",Sheffield United,35-242,321.0,3.6,0,2,0,0.0,0.56,0.0,0.0,0.0,10.8,0,0,0,0.1,0.1,0.06,-0.1,-0.1
Amari'i Bell,JAM,DF,Luton Town,29-318,1720.0,19.1,0,2,2,100.0,0.1,0.1,0.0,0.0,18.8,0,0,0,0.3,0.3,0.13,-0.3,-0.3
Anis Ben Slimane,TUN,MF,Sheffield United,23-002,366.0,4.1,0,6,3,50.0,1.48,0.74,0.0,0.0,18.6,0,0,0,0.7,0.7,0.11,-0.7,-0.7
Said Benrahma,ALG,"FW,MF",West Ham United,28-221,620.0,6.9,0,18,5,27.8,2.61,0.73,0.0,0.0,19.8,0,0,1,1.8,1.0,0.06,-1.8,-1.0
Daniel Bentley,ENG,GK,Wolverhampton Wanderers,30-249,293.0,3.3,0,0,0,0.0,0.0,0.0,0.0,0.0,0.0,0,0,0,0.0,0.0,0.0,0.0,0.0
Johann Berg Gumundsson,ISL,MF,Burnley,33-143,1050.0,11.7,0,10,3,30.0,0.86,0.26,0.0,0.0,15.3,1,0,0,0.9,0.9,0.09,-0.9,-0.9
Ryan John Giles,ENG,"DF,MF",Luton Town,24-052,503.0,5.6,0,2,2,100.0,0.36,0.36,0.0,0.0,14.2,0,0,0,0.1,0.1,0.05,-0.1,-0.1
Ben Johnson,ENG,"DF,FW",West Ham United,24-054,399.0,4.4,0,5,1,20.0,1.13,0.23,0.0,0.0,25.4,0,0,0,0.2,0.2,0.03,-0.2,-0.2
Brennan Johnson,WAL,"FW,MF",Nott'ham Forest,22-300,237.0,2.6,0,3,0,0.0,1.14,0.0,0.0,0.0,19.7,0,0,0,0.3,0.3,0.11,-0.3,-0.3
Sam Johnstone,ENG,GK,Crystal Palace,30-359,1796.0,20.0,0,0,0,0.0,0.0,0.0,0.0,0.0,0.0,0,0,0,0.0,0.0,0.0,0.0,0.0
Emiliano Martinez,ARG,GK,Aston Villa,31-198,2430.0,27.0,0,0,0,0.0,0.0,0.0,0.0,0.0,0.0,0,0,0,0.0,0.0,0.0,0.0,0.0
Lisandro Martinez,ARG,DF,Manchester Utd,26-060,558.0,6.2,0,0,0,0.0,0.0,0.0,0.0,0.0,0.0,0,0,0,0.0,0.0,0.0,0.0,0.0
Joel Matip,CMR,DF,Liverpool,32-223,781.0,8.7,0,5,0,0.0,0.58,0.0,0.0,0.0,10.6,0,0,0,0.5,0.5,0.1,-0.5,-0.5
Neal Maupay,FRA,FW,Everton,27-217,111.0,1.2,0,5,4,80.0,4.05,3.24,0.0,0.0,12.5,0,0,0,1.4,1.4,0.29,-1.4,-1.4
Scott McKenna,SCO,DF,Nott'ham Forest,27-127,416.0,4.6,0,2,0,0.0,0.43,0.0,0.0,0.0,10.8,0,0,0,0.2,0.2,0.1,-0.2,-0.2
Chris Mepham,WAL,DF,Bournemouth,26-134,527.0,5.9,0,1,1,100.0,0.17,0.17,0.0,0.0,8.8,0,0,0,0.1,0.1,0.09,-0.1,-0.1
Rhian Brewster,ENG,"FW,MF",Sheffield United,23-352,307.0,3.4,0,6,3,50.0,1.76,0.88,0.0,0.0,23.7,0,0,0,0.3,0.3,0.04,-0.3,-0.3
Andre Brooks,ENG,"MF,DF",Sheffield United,20-211,650.0,7.2,0,5,1,20.0,0.69,0.14,0.0,0.0,20.6,0,0,0,0.2,0.2,0.05,-0.2,-0.2
Hugo Bueno,ESP,"DF,MF",Wolverhampton Wanderers,21-182,432.0,4.8,0,4,0,0.0,0.83,0.0,0.0,0.0,17.3,0,0,0,0.2,0.2,0.06,-0.2,-0.2
Santiago Bueno,URU,DF,Wolverhampton Wanderers,25-130,291.0,3.2,0,0,0,0.0,0.0,0.0,0.0,0.0,0.0,0,0,0,0.0,0.0,0.0,0.0,0.0
George Baldock,GRE,DF,Sheffield United,31-009,969.0,10.8,0,1,0,0.0,0.09,0.0,0.0,0.0,22.2,0,0,0,0.0,0.0,0.02,0.0,0.0
Carlos Baleba,CMR,MF,Brighton & Hove Albion,20-075,764.0,8.5,0,12,2,16.7,1.41,0.24,0.0,0.0,23.9,0,0,0,0.6,0.6,0.05,-0.6,-0.6
James Milner,ENG,"DF,MF",Brighton & Hove Albion,38-074,773.0,8.6,0,5,1,20.0,0.58,0.12,0.0,0.0,17.2,0,0,0,0.3,0.3,0.06,-0.3,-0.3
Jakub Moder,POL,"MF,DF",Brighton & Hove Albion,24-346,221.0,2.5,0,4,1,25.0,1.63,0.41,0.0,0.0,11.9,0,0,0,0.3,0.3,0.08,-0.3,-0.3
Gonzalo Montiel,ARG,DF,Nott'ham Forest,27-077,498.0,5.5,0,2,0,0.0,0.36,0.0,0.0,0.0,17.2,0,0,0,0.1,0.1,0.05,-0.1,-0.1
Mason Mount,ENG,MF,Manchester Utd,25-068,400.0,4.4,0,3,0,0.0,0.68,0.0,0.0,0.0,13.2,0,0,0,0.2,0.2,0.07,-0.2,-0.2
Daniel Munoz,COL,"DF,MF",Crystal Palace,27-297,540.0,6.0,0,3,0,0.0,0.5,0.0,0.0,0.0,6.6,0,0,0,0.6,0.6,0.21,-0.6,-0.6
Murillo,BRA,DF,Nott'ham Forest,21-258,1996.0,22.2,0,12,5,41.7,0.54,0.23,0.0,0.0,20.6,2,0,0,1.1,1.1,0.09,-1.1,-1.1
Marvelous Nakamba,ZIM,MF,Luton Town,30-059,1130.0,12.6,0,5,0,0.0,0.4,0.0,0.0,0.0,23.6,0,0,0,0.2,0.2,0.04,-0.2,-0.2
Reiss Nelson,ENG,"FW,MF",Arsenal,24-099,194.0,2.2,0,3,1,33.3,1.39,0.46,0.0,0.0,22.3,0,0,0,0.1,0.1,0.03,-0.1,-0.1
Neto,BRA,GK,Bournemouth,34-243,2340.0,26.0,0,0,0,0.0,0.0,0.0,0.0,0.0,0.0,0,0,0,0.0,0.0,0.0,0.0,0.0
Mason Holgate,ENG,DF,Sheffield United,27-148,192.0,2.1,0,2,0,0.0,0.94,0.0,0.0,0.0,7.1,0,0,0,0.4,0.4,0.22,-0.4,-0.4
Will Hughes,ENG,MF,Crystal Palace,28-336,1313.0,14.6,0,4,2,50.0,0.27,0.14,0.0,0.0,18.4,0,0,0,0.2,0.2,0.05,-0.2,-0.2
Pierre Hjbjerg,DEN,MF,Tottenham Hotspur,28-226,1017.0,11.3,0,12,3,25.0,1.06,0.27,0.0,0.0,26.4,1,0,0,0.4,0.4,0.04,-0.4,-0.4
Igor,BRA,DF,Brighton & Hove Albion,26-040,1001.0,11.1,0,2,0,0.0,0.18,0.0,0.0,0.0,16.2,0,0,0,0.1,0.1,0.06,-0.1,-0.1
Alex Iwobi,NGA,MF,Everton,27-320,140.0,1.6,0,4,2,50.0,2.57,1.29,0.0,0.0,16.2,0,0,0,0.3,0.3,0.08,-0.3,-0.3
Reece James,ENG,DF,Chelsea,24-101,388.0,4.3,0,7,1,14.3,1.62,0.23,0.0,0.0,20.9,3,0,0,0.3,0.3,0.04,-0.3,-0.3
Vitaly Janelt,GER,"MF,DF",Brentford,25-313,2317.0,25.7,0,15,5,33.3,0.58,0.19,0.0,0.0,16.6,0,0,0,1.3,1.3,0.09,-1.3,-1.3
Rhys Norrington-Davies,WAL,DF,Sheffield United,24-331,110.0,1.2,0,0,0,0.0,0.0,0.0,0.0,0.0,0.0,0,0,0,0.0,0.0,0.0,0.0,0.0
Matheus Nunes,POR,MF,Wolverhampton Wanderers,25-204,179.0,2.0,0,1,0,0.0,0.5,0.0,0.0,0.0,15.4,0,0,0,0.1,0.1,0.08,-0.1,-0.1
Matheus Nunes,POR,"MF,FW",Manchester City,25-204,505.0,5.6,0,3,2,66.7,0.53,0.36,0.0,0.0,17.8,0,0,0,0.4,0.4,0.12,-0.4,-0.4
Angelo Ogbonna,ITA,DF,West Ham United,35-300,321.0,3.6,0,0,0,0.0,0.0,0.0,0.0,0.0,0.0,0,0,0,0.0,0.0,0.0,0.0,0.0
Andrew Omobamidele,IRL,DF,Nott'ham Forest,21-269,496.0,5.5,0,0,0,0.0,0.0,0.0,0.0,0.0,0.0,0,0,0,0.0,0.0,0.0,0.0,0.0
Andre Onana,CMR,GK,Manchester Utd,27-351,2520.0,28.0,0,0,0,0.0,0.0,0.0,0.0,0.0,0.0,0,0,0,0.0,0.0,0.0,0.0,0.0
Frank Onyeka,NGA,MF,Brentford,26-077,1141.0,12.7,0,21,8,38.1,1.66,0.63,0.0,0.0,17.7,0,0,0,1.9,1.9,0.09,-1.9,-1.9
Ivo Grbic,CRO,GK,Sheffield United,28-060,321.0,3.6,0,0,0,0.0,0.0,0.0,0.0,0.0,0.0,0,0,0,0.0,0.0,0.0,0.0,0.0
Marc Guehi,ENG,DF,Crystal Palace,23-249,1912.0,21.2,0,5,0,0.0,0.24,0.0,0.0,0.0,9.7,0,0,0,0.6,0.6,0.13,-0.6,-0.6
Malo Gusto,FRA,DF,Chelsea,20-304,1368.0,15.2,0,8,1,12.5,0.53,0.07,0.0,0.0,20.8,0,0,0,0.4,0.4,0.05,-0.4,-0.4
Josko Gvardiol,CRO,DF,Manchester City,22-055,1473.0,16.4,0,18,7,38.9,1.1,0.43,0.0,0.0,18.4,0,0,0,1.0,1.0,0.05,-1.0,-1.0
Lewis Hall,ENG,DF,Newcastle United,19-192,111.0,1.2,0,1,1,100.0,0.81,0.81,0.0,0.0,20.2,0,0,0,0.0,0.0,0.02,0.0,0.0
Daiki Hashioka,JPN,DF,Luton Town,24-306,134.0,1.5,0,1,0,0.0,0.67,0.0,0.0,0.0,15.9,0,0,0,0.1,0.1,0.05,-0.1,-0.1
Jan Paul van Hecke,NED,DF,Brighton & Hove Albion,23-284,1919.0,21.3,0,13,6,46.2,0.61,0.28,0.0,0.0,10.2,0,0,0,1.1,1.1,0.09,-1.1,-1.1
Dean Henderson,ENG,GK,Crystal Palace,27-006,720.0,8.0,0,0,0,0.0,0.0,0.0,0.0,0.0,0.0,0,0,0,0.0,0.0,0.0,0.0,0.0
Rico Henry,ENG,DF,Brentford,26-254,401.0,4.5,0,2,0,0.0,0.45,0.0,0.0,0.0,19.2,0,0,0,0.1,0.1,0.04,-0.1,-0.1
Aaron Hickey,SCO,DF,Brentford,21-282,713.0,7.9,0,7,1,14.3,0.88,0.13,0.0,0.0,25.3,0,0,0,0.2,0.2,0.03,-0.2,-0.2
Divock Origi,BEL,FW,Nott'ham Forest,28-335,472.0,5.2,0,10,2,20.0,1.91,0.38,0.0,0.0,20.2,0,0,0,1.1,1.1,0.11,-1.1,-1.1
Stefan Ortega,GER,GK,Manchester City,31-133,208.0,2.3,0,0,0,0.0,0.0,0.0,0.0,0.0,0.0,0,0,0,0.0,0.0,0.0,0.0,0.0
Ben Osborn,ENG,"DF,MF",Sheffield United,29-226,705.0,7.8,0,2,0,0.0,0.26,0.0,0.0,0.0,19.5,0,0,0,0.2,0.2,0.08,-0.2,-0.2
William Osula,DEN,FW,Sheffield United,20-227,730.0,8.1,0,20,7,35.0,2.47,0.86,0.0,0.0,14.2,0,0,0,1.6,1.6,0.08,-1.6,-1.6
David Ozoh,ENG,MF,Crystal Palace,18-292,135.0,1.5,0,0,0,0.0,0.0,0.0,0.0,0.0,0.0,0,0,0,0.0,0.0,0.0,0.0,0.0
Thomas Partey,GHA,"DF,MF",Arsenal,30-279,278.0,3.1,0,2,1,50.0,0.65,0.32,0.0,0.0,17.0,0,0,0,0.1,0.1,0.04,-0.1,-0.1
Nathan Patterson,SCO,DF,Everton,22-154,961.0,10.7,0,4,0,0.0,0.37,0.0,0.0,0.0,20.9,0,0,0,0.3,0.3,0.08,-0.3,-0.3
Facundo Pellistri,URU,"FW,MF",Manchester Utd,22-089,172.0,1.9,0,4,2,50.0,2.09,1.05,0.0,0.0,11.5,0,0,0,0.7,0.7,0.18,-0.7,-0.7
Ivan Perisic,CRO,FW,Tottenham Hotspur,35-045,103.0,1.1,0,2,0,0.0,1.75,0.0,0.0,0.0,13.0,0,0,0,0.1,0.1,0.06,-0.1,-0.1
ore Petrovic,SRB,GK,Chelsea,24-162,997.0,11.1,0,0,0,0.0,0.0,0.0,0.0,0.0,0.0,0,0,0,0.0,0.0,0.0,0.0,0.0
Kalvin Phillips,ENG,MF,West Ham United,28-107,271.0,3.0,0,3,2,66.7,1.0,0.66,0.0,0.0,25.8,0,0,0,0.1,0.1,0.03,-0.1,-0.1
Kalvin Phillips,ENG,MF,Manchester City,28-107,93.0,1.0,0,2,0,0.0,1.94,0.0,0.0,0.0,21.7,0,0,0,0.1,0.1,0.04,-0.1,-0.1
Jordan Pickford,ENG,GK,Everton,30-011,2520.0,28.0,0,0,0,0.0,0.0,0.0,0.0,0.0,0.0,0,0,0,0.0,0.0,0.0,0.0,0.0
Nick Pope,ENG,GK,Newcastle United,31-334,1255.0,13.9,0,1,0,0.0,0.07,0.0,0.0,0.0,14.3,0,0,0,0.0,0.0,0.03,0.0,0.0
Pedro Porro,ESP,DF,Tottenham Hotspur,24-187,2246.0,25.0,0,37,6,16.2,1.48,0.24,0.0,0.0,20.9,3,0,0,2.2,2.2,0.06,-2.2,-2.2
Jarell Quansah,ENG,DF,Liverpool,21-049,533.0,5.9,0,3,1,33.3,0.51,0.17,0.0,0.0,15.8,0,0,0,0.1,0.1,0.04,-0.1,-0.1
Ionut Radu,ROU,GK,Bournemouth,26-295,180.0,2.0,0,0,0,0.0,0.0,0.0,0.0,0.0,0.0,0,0,0,0.0,0.0,0.0,0.0,0.0
Jesuran Rak Sakyi,ENG,"MF,FW",Crystal Palace,21-165,136.0,1.5,0,5,1,20.0,3.31,0.66,0.0,0.0,15.5,0,0,0,0.4,0.4,0.08,-0.4,-0.4
Aaron Ramsdale,ENG,GK,Arsenal,25-309,540.0,6.0,0,0,0,0.0,0.0,0.0,0.0,0.0,0.0,0,0,0,0.0,0.0,0.0,0.0,0.0
Aaron Ramsey,ENG,"MF,FW",Burnley,21-057,527.0,5.9,0,6,2,33.3,1.02,0.34,0.0,0.0,16.5,0,0,0,0.3,0.3,0.06,-0.3,-0.3
David Raya,ESP,GK,Arsenal,28-185,1980.0,22.0,0,0,0,0.0,0.0,0.0,0.0,0.0,0.0,0,0,0,0.0,0.0,0.0,0.0,0.0
Nathan Redmond,ENG,"FW,MF",Burnley,30-012,142.0,1.6,0,0,0,0.0,0.0,0.0,0.0,0.0,0.0,0,0,0,0.0,0.0,0.0,0.0,0.0
Harrison Reed,ENG,MF,Fulham,29-051,1147.0,12.7,0,7,1,14.3,0.55,0.08,0.0,0.0,22.2,0,0,0,0.2,0.2,0.03,-0.2,-0.2
Matheus Franca,BRA,"MF,FW",Crystal Palace,19-352,232.0,2.6,0,8,2,25.0,3.1,0.78,0.0,0.0,21.8,0,0,0,0.4,0.4,0.05,-0.4,-0.4
Nathan Fraser,IRL,FW,Wolverhampton Wanderers,19-025,175.0,1.9,0,2,2,100.0,1.03,1.03,0.0,0.0,17.9,0,0,0,0.3,0.3,0.13,-0.3,-0.3
Bryan Gil,ESP,"FW,MF",Tottenham Hotspur,23-036,196.0,2.2,0,3,1,33.3,1.38,0.46,0.0,0.0,11.4,0,0,0,0.7,0.7,0.24,-0.7,-0.7
Billy Gilmour,SCO,MF,Brighton & Hove Albion,22-281,1778.0,19.8,0,23,5,21.7,1.16,0.25,0.0,0.0,25.7,0,0,0,0.9,0.9,0.04,-0.9,-0.9
Ben Godfrey,ENG,DF,Everton,26-063,670.0,7.4,0,10,3,30.0,1.34,0.4,0.0,0.0,12.2,0,0,0,1.4,1.4,0.15,-1.4,-1.4
Toti Gomes,POR,DF,Wolverhampton Wanderers,25-062,1874.0,20.8,0,7,2,28.6,0.34,0.1,0.0,0.0,8.0,0,0,0,1.0,1.0,0.14,-1.0,-1.0
Joe Gomez,ENG,DF,Liverpool,26-300,1452.0,16.1,0,14,1,7.1,0.87,0.06,0.0,0.0,18.8,0,0,0,0.6,0.6,0.04,-0.6,-0.6
Ryan Gravenberch,NED,MF,Liverpool,21-307,845.0,9.4,0,15,6,40.0,1.6,0.64,0.0,0.0,20.6,0,0,0,1.5,1.5,0.1,-1.5,-1.5
Sergio Reguilon,ESP,DF,Manchester Utd,27-093,412.0,4.6,0,4,0,0.0,0.87,0.0,0.0,0.0,18.1,0,0,0,0.2,0.2,0.05,-0.2,-0.2
Sergio Reguilon,ESP,DF,Brentford,27-093,515.0,5.7,0,8,1,12.5,1.4,0.17,0.0,0.0,16.8,0,0,0,0.5,0.5,0.07,-0.5,-0.5
Jairo Riedewald,NED,"MF,FW",Crystal Palace,27-191,176.0,2.0,0,0,0,0.0,0.0,0.0,0.0,0.0,0.0,0,0,0,0.0,0.0,0.0,0.0,0.0
Connor Roberts,WAL,DF,Burnley,28-177,823.0,9.1,0,0,0,0.0,0.0,0.0,0.0,0.0,0.0,0,0,0,0.0,0.0,0.0,0.0,0.0
Antonee Robinson,USA,DF,Fulham,26-223,2468.0,27.4,0,10,4,40.0,0.36,0.15,0.0,0.0,20.9,0,0,0,0.5,0.5,0.05,-0.5,-0.5
Joe Rothwell,ENG,MF,Bournemouth,29-067,386.0,4.3,0,2,0,0.0,0.47,0.0,0.0,0.0,22.7,0,0,0,0.1,0.1,0.04,-0.1,-0.1
Pelly Ruddock Mpanzu,COD,MF,Luton Town,30-245,914.0,10.2,0,10,1,10.0,0.98,0.1,0.0,0.0,21.0,0,0,0,0.6,0.6,0.06,-0.6,-0.6
Jose Sa,POR,GK,Wolverhampton Wanderers,31-061,2227.0,24.7,0,0,0,0.0,0.0,0.0,0.0,0.0,0.0,0,0,0,0.0,0.0,0.0,0.0,0.0
Julio Enciso,PAR,"MF,FW",Brighton & Hove Albion,20-055,147.0,1.6,0,10,3,30.0,6.12,1.84,0.0,0.0,21.5,0,0,0,0.5,0.5,0.05,-0.5,-0.5
Maxime Esteve,FRA,DF,Burnley,21-297,545.0,6.1,0,2,0,0.0,0.33,0.0,0.0,0.0,18.0,0,0,0,0.1,0.1,0.04,-0.1,-0.1
Jonny Evans,NIR,DF,Manchester Utd,36-075,1086.0,12.1,0,1,0,0.0,0.08,0.0,0.0,0.0,5.4,0,0,0,0.1,0.1,0.06,-0.1,-0.1
ukasz Fabianski,POL,GK,West Ham United,38-335,316.0,3.5,0,0,0,0.0,0.0,0.0,0.0,0.0,0.0,0,0,0,0.0,0.0,0.0,0.0,0.0
Felipe,BRA,DF,Nott'ham Forest,34-307,285.0,3.2,0,2,0,0.0,0.63,0.0,0.0,0.0,6.9,0,0,0,0.1,0.1,0.06,-0.1,-0.1
John Fleck,SCO,"MF,DF",Sheffield United,32-207,92.0,1.0,0,0,0,0.0,0.0,0.0,0.0,0.0,0.0,0,0,0,0.0,0.0,0.0,0.0,0.0
Mark Flekken,NED,GK,Brentford,30-279,2475.0,27.5,0,0,0,0.0,0.0,0.0,0.0,0.0,0.0,0,0,0,0.0,0.0,0.0,0.0,0.0
Wes Foderingham,ENG,GK,Sheffield United,33-064,2199.0,24.4,0,0,0,0.0,0.0,0.0,0.0,0.0,0.0,0,0,0,0.0,0.0,0.0,0.0,0.0
Pablo Fornals,ESP,"MF,FW",West Ham United,28-025,426.0,4.7,0,7,3,42.9,1.48,0.63,0.0,0.0,20.1,0,0,0,0.3,0.3,0.04,-0.3,-0.3
Albert Sambi Lokonga,BEL,MF,Luton Town,24-148,873.0,9.7,0,7,1,14.3,0.72,0.1,0.0,0.0,22.7,0,0,0,0.4,0.4,0.06,-0.4,-0.4
Robert Sanchez,ESP,GK,Chelsea,26-121,1433.0,15.9,0,0,0,0.0,0.0,0.0,0.0,0.0,0.0,0,0,0,0.0,0.0,0.0,0.0,0.0
Ibrahim Sangare,CIV,MF,Nott'ham Forest,26-107,940.0,10.4,0,7,0,0.0,0.67,0.0,0.0,0.0,15.3,0,0,0,0.6,0.6,0.09,-0.6,-0.6
Matz Sels,BEL,GK,Nott'ham Forest,32-021,630.0,7.0,0,0,0,0.0,0.0,0.0,0.0,0.0,0.0,0,0,0,0.0,0.0,0.0,0.0,0.0
Nelson Semedo,POR,"DF,MF",Wolverhampton Wanderers,30-123,2347.0,26.1,0,13,3,23.1,0.5,0.12,0.0,0.0,20.3,0,0,0,0.9,0.9,0.07,-0.9,-0.9
Luke Shaw,ENG,DF,Manchester Utd,28-250,959.0,10.7,0,2,0,0.0,0.19,0.0,0.0,0.0,21.2,0,0,0,0.0,0.0,0.02,0.0,0.0
Fabio Silva,POR,FW,Wolverhampton Wanderers,21-243,264.0,2.9,0,7,3,42.9,2.39,1.02,0.0,0.0,13.8,0,0,0,1.0,1.0,0.15,-1.0,-1.0
Oliver Skipp,ENG,"MF,FW",Tottenham Hotspur,23-184,582.0,6.5,0,3,1,33.3,0.46,0.15,0.0,0.0,12.6,0,0,0,0.6,0.6,0.2,-0.6,-0.6
Cheick Doucoure,MLI,MF,Crystal Palace,24-070,919.0,10.2,0,6,2,33.3,0.59,0.2,0.0,0.0,21.6,0,0,0,0.3,0.3,0.05,-0.3,-0.3
Tommy Doyle,ENG,MF,Wolverhampton Wanderers,22-153,813.0,9.0,0,7,2,28.6,0.77,0.22,0.0,0.0,27.2,2,0,0,0.2,0.2,0.04,-0.2,-0.2
Radu Dragusin,ROU,DF,Tottenham Hotspur,22-044,143.0,1.6,0,1,0,0.0,0.63,0.0,0.0,0.0,10.4,0,0,0,0.1,0.1,0.14,-0.1,-0.1
Martin Dubravka,SVK,GK,Newcastle United,35-063,1175.0,13.1,0,0,0,0.0,0.0,0.0,0.0,0.0,0.0,0,0,0,0.0,0.0,0.0,0.0,0.0
Ederson,BRA,GK,Manchester City,30-214,2312.0,25.7,0,0,0,0.0,0.0,0.0,0.0,0.0,0.0,0,0,0,0.0,0.0,0.0,0.0,0.0
John Egan,IRL,DF,Sheffield United,31-150,482.0,5.4,0,3,1,33.3,0.56,0.19,0.0,0.0,10.3,0,0,0,0.2,0.2,0.05,-0.2,-0.2
Hjalmar Ekdal,SWE,DF,Burnley,25-149,325.0,3.6,0,2,1,50.0,0.55,0.28,0.0,0.0,16.4,0,0,0,0.1,0.1,0.03,-0.1,-0.1
Mikkel Damsgaard,DEN,MF,Brentford,23-259,362.0,4.0,0,4,3,75.0,0.99,0.75,0.0,0.0,13.0,0,0,0,0.6,0.6,0.15,-0.6,-0.6
Tom Davies,ENG,MF,Sheffield United,25-262,221.0,2.5,0,4,1,25.0,1.63,0.41,0.0,0.0,15.4,0,0,0,0.4,0.4,0.09,-0.4,-0.4
Hannes Delcroix,BEL,DF,Burnley,25-019,589.0,6.5,0,4,2,50.0,0.61,0.31,0.0,0.0,11.2,0,0,0,0.4,0.4,0.09,-0.4,-0.4
Ruben Dias,POR,DF,Manchester City,26-309,1929.0,21.4,0,16,7,43.8,0.75,0.33,0.0,0.0,14.2,0,0,0,1.1,1.1,0.07,-1.1,-1.1
Eric Dier,ENG,DF,Tottenham Hotspur,30-063,201.0,2.2,0,0,0,0.0,0.0,0.0,0.0,0.0,0.0,0,0,0,0.0,0.0,0.0,0.0,0.0
Issa Diop,FRA,DF,Fulham,27-069,1155.0,12.8,0,4,1,25.0,0.31,0.08,0.0,0.0,15.8,0,0,0,0.2,0.2,0.04,-0.2,-0.2
Adam Smith,ENG,DF,Bournemouth,32-324,1420.0,15.8,0,1,0,0.0,0.06,0.0,0.0,0.0,28.8,0,0,0,0.0,0.0,0.02,0.0,0.0
Emile Smith Rowe,ENG,MF,Arsenal,23-234,235.0,2.6,0,10,4,40.0,3.83,1.53,0.0,0.0,15.9,0,0,0,1.5,1.5,0.15,-1.5,-1.5
Manor Solomon,ISR,FW,Tottenham Hotspur,24-238,199.0,2.2,0,7,1,14.3,3.17,0.45,0.0,0.0,16.8,0,0,0,0.4,0.4,0.06,-0.4,-0.4
Jason Steele,ENG,GK,Brighton & Hove Albion,33-213,1350.0,15.0,0,0,0,0.0,0.0,0.0,0.0,0.0,0.0,0,0,0,0.0,0.0,0.0,0.0,0.0
Thomas Strakosha,ALB,GK,Brentford,28-365,135.0,1.5,0,0,0,0.0,0.0,0.0,0.0,0.0,0.0,0,0,0,0.0,0.0,0.0,0.0,0.0
Nuno Tavares,POR,DF,Nott'ham Forest,24-052,455.0,5.1,0,7,1,14.3,1.38,0.2,0.0,0.0,26.1,0,0,0,0.2,0.2,0.02,-0.2,-0.2
Adam Webster,ENG,DF,Brighton & Hove Albion,29-074,767.0,8.5,0,5,0,0.0,0.59,0.0,0.0,0.0,10.6,0,0,0,0.3,0.3,0.05,-0.3,-0.3
Adam Wharton,ENG,MF,Crystal Palace,19-290,455.0,5.1,0,2,0,0.0,0.4,0.0,0.0,0.0,20.1,0,0,0,0.1,0.1,0.06,-0.1,-0.1
Ryan Christie,SCO,MF,Bournemouth,29-025,2189.0,24.3,0,32,12,37.5,1.32,0.49,0.0,0.0,19.6,0,0,0,1.5,1.5,0.05,-1.5,-1.5
Jordan Clark,ENG,MF,Luton Town,30-178,743.0,8.3,0,7,1,14.3,0.85,0.12,0.0,0.0,13.5,0,0,0,0.4,0.4,0.06,-0.4,-0.4
Nathaniel Clyne,ENG,DF,Crystal Palace,32-348,718.0,8.0,0,2,0,0.0,0.25,0.0,0.0,0.0,23.0,0,0,0,0.0,0.0,0.02,0.0,0.0
Seamus Coleman,IRL,DF,Everton,35-159,235.0,2.6,0,0,0,0.0,0.0,0.0,0.0,0.0,0.0,0,0,0,0.0,0.0,0.0,0.0,0.0
Lewis Cook,ENG,MF,Bournemouth,27-044,1890.0,21.0,0,7,3,42.9,0.33,0.14,0.0,0.0,25.1,0,0,0,0.2,0.2,0.02,-0.2,-0.2
Vladimir Coufal,CZE,DF,West Ham United,31-209,2300.0,25.6,0,2,0,0.0,0.08,0.0,0.0,0.0,29.4,0,0,0,0.0,0.0,0.02,0.0,0.0
Aaron Cresswell,ENG,DF,West Ham United,34-094,235.0,2.6,0,0,0,0.0,0.0,0.0,0.0,0.0,0.0,0,0,0,0.0,0.0,0.0,0.0,0.0
Marc Cucurella,ESP,DF,Chelsea,25-240,793.0,8.8,0,4,3,75.0,0.45,0.34,0.0,0.0,14.7,0,0,0,0.8,0.8,0.2,-0.8,-0.8
Josh Cullen,IRL,MF,Burnley,27-346,1258.0,14.0,0,7,1,14.3,0.5,0.07,0.0,0.0,24.7,0,0,0,0.2,0.2,0.03,-0.2,-0.2
Mahmoud Dahoud,GER,MF,Brighton & Hove Albion,28-077,452.0,5.0,0,6,1,16.7,1.19,0.2,0.0,0.0,26.8,0,0,0,0.2,0.2,0.04,-0.2,-0.2
Neco Williams,WAL,DF,Nott'ham Forest,22-340,1157.0,12.9,0,7,1,14.3,0.54,0.08,0.0,0.0,19.6,0,0,0,0.3,0.3,0.05,-0.3,-0.3
Max Aarons,ENG,DF,Bournemouth,24-074,1085.0,12.1,0,1,0,0.0,0.08,0.0,0.0,0.0,23.9,0,0,0,0.0,0.0,0.02,0.0,0.0
Jordan Beyer,GER,DF,Burnley,23-304,1234.0,13.7,0,5,0,0.0,0.36,0.0,0.0,0.0,8.2,0,0,0,0.5,0.5,0.1,-0.5,-0.5
Yves Bissouma,MLI,MF,Tottenham Hotspur,27-201,1549.0,17.2,0,18,4,22.2,1.05,0.23,0.0,0.0,25.1,1,0,0,1.2,1.2,0.07,-1.2,-1.2
Sofyan Amrabat,MAR,"MF,DF",Manchester Utd,27-210,640.0,7.1,0,2,0,0.0,0.28,0.0,0.0,0.0,23.7,0,0,0,0.1,0.1,0.03,-0.1,-0.1
Elliot Anderson,SCO,"MF,FW",Newcastle United,21-133,434.0,4.8,0,7,2,28.6,1.45,0.41,0.0,0.0,14.0,0,0,0,0.7,0.7,0.1,-0.7,-0.7
Jaidon Anthony,ENG,FW,Bournemouth,24-108,152.0,1.7,0,2,1,50.0,1.18,0.59,0.0,0.0,24.5,0,0,0,0.1,0.1,0.03,-0.1,-0.1
Odisseas Vlachodimos,GRE,GK,Nott'ham Forest,29-327,450.0,5.0,0,0,0,0.0,0.0,0.0,0.0,0.0,0.0,0,0,0,0.0,0.0,0.0,0.0,0.0
Kyle Walker,ENG,DF,Manchester City,33-295,2260.0,25.1,0,16,3,18.8,0.64,0.12,0.0,0.0,29.4,1,0,0,0.4,0.4,0.02,-0.4,-0.4
Joe Worrall,ENG,DF,Nott'ham Forest,27-068,439.0,4.9,0,2,0,0.0,0.41,0.0,0.0,0.0,10.6,0,0,0,0.1,0.1,0.06,-0.1,-0.1
Reece Burke,ENG,DF,Luton Town,27-198,1124.0,12.5,0,12,3,25.0,0.96,0.24,0.0,0.0,13.4,0,0,0,1.3,1.3,0.13,-1.3,-1.3
Moises Caicedo,ECU,MF,Chelsea,22-137,1941.0,21.6,0,7,1,14.3,0.32,0.05,0.0,0.0,26.0,0,0,0,0.2,0.2,0.03,-0.2,-0.2
Diego Carlos,BRA,DF,Aston Villa,31-003,1166.0,13.0,0,5,1,20.0,0.39,0.08,0.0,0.0,8.0,0,0,0,0.6,0.6,0.12,-0.6,-0.6
Timothy Castagne,BEL,DF,Fulham,28-104,2009.0,22.3,0,12,3,25.0,0.54,0.13,0.0,0.0,11.4,0,0,0,1.4,1.4,0.12,-1.4,-1.4
Trevoh Chalobah,ENG,DF,Chelsea,24-257,200.0,2.2,0,0,0,0.0,0.0,0.0,0.0,0.0,0.0,0,0,0,0.0,0.0,0.0,0.0,0.0
Ben Chilwell,ENG,DF,Chelsea,27-088,745.0,8.3,0,11,3,27.3,1.33,0.36,0.0,0.0,16.7,1,0,0,1.2,1.2,0.11,-1.2,-1.2
Antony,BRA,FW,Manchester Utd,24-023,953.0,10.6,0,26,5,19.2,2.46,0.47,0.0,0.0,19.0,0,0,0,1.5,1.5,0.06,-1.5,-1.5
Oliver Arblaster,ENG,MF,Sheffield United,19-318,106.0,1.2,0,1,1,100.0,0.85,0.85,0.0,0.0,16.6,0,0,0,0.0,0.0,0.04,0.0,0.0
Alphonse Areola,FRA,GK,West Ham United,31-020,2204.0,24.5,0,0,0,0.0,0.0,0.0,0.0,0.0,0.0,0,0,0,0.0,0.0,0.0,0.0,0.0
Lorenz Assignon,TOG,DF,Burnley,23-270,617.0,6.9,0,2,0,0.0,0.29,0.0,0.0,0.0,22.4,0,0,0,0.1,0.1,0.03,-0.1,-0.1
Serge Aurier,CIV,"DF,MF",Nott'ham Forest,31-085,833.0,9.3,0,6,1,16.7,0.65,0.11,0.0,0.0,16.0,0,0,0,0.2,0.2,0.03,-0.2,-0.2
Benoit Badiashile,FRA,DF,Chelsea,22-358,560.0,6.2,0,2,1,50.0,0.32,0.16,0.0,0.0,11.4,0,0,0,0.1,0.1,0.06,-0.1,-0.1
Luke Thomas,ENG,DF,Sheffield United,22-282,917.0,10.2,0,6,1,16.7,0.59,0.1,0.0,0.0,15.1,0,0,0,0.5,0.5,0.09,-0.5,-0.5
Alisson,BRA,GK,Liverpool,31-168,1890.0,21.0,0,0,0,0.0,0.0,0.0,0.0,0.0,0.0,0,0,0,0.0,0.0,0.0,0.0,0.0
Naouirou Ahamada,FRA,"MF,FW",Crystal Palace,21-355,235.0,2.6,0,7,1,14.3,2.68,0.38,0.0,0.0,20.1,0,0,0,0.4,0.4,0.05,-0.4,-0.4
Benie Adama Traore,CIV,"FW,MF",Sheffield United,21-109,387.0,4.3,0,1,1,100.0,0.23,0.23,0.0,0.0,15.3,0,0,0,0.3,0.3,0.27,-0.3,-0.3
