Team,Median của Age,Mean của Age,Std của Age,Median của Born,Mean của Born,Std của Born,Median của Playing Time_MP,Mean của Playing Time_MP,Std của Playing Time_MP,Median của Playing Time_Starts,Mean của Playing Time_Starts,Std của Playing Time_Starts,Median của Playing Time_Min,Mean của Playing Time_Min,Std của Playing Time_Min,Median của Playing Time_90s,Mean của Playing Time_90s,Std của Playing Time_90s,Median của Performance_Gls,Mean của Performance_Gls,Std của Performance_Gls,Median của Performance_Ast,Mean của Performance_Ast,Std của Performance_Ast,Median của Performance_G+A,Mean của Performance_G+A,Std của Performance_G+A,Median của Performance_G-PK,Mean của Performance_G-PK,Std của Performance_G-PK,Median của Performance_PK,Mean của Performance_PK,Std của Performance_PK,Median của Performance_PKatt,Mean của Performance_PKatt,Std của Performance_PKatt,Median của Performance_CrdY,Mean của Performance_CrdY,Std của Performance_CrdY,Median của Performance_CrdR,Mean của Performance_CrdR,Std của Performance_CrdR,Median của Per 90 Minutes_Gls,Mean của Per 90 Minutes_Gls,Std của Per 90 Minutes_Gls,Median của Per 90 Minutes_Ast,Mean của Per 90 Minutes_Ast,Std của Per 90 Minutes_Ast,Median của Per 90 Minutes_G+A,Mean của Per 90 Minutes_G+A,Std của Per 90 Minutes_G+A,Median của Per 90 Minutes_G-PK,Mean của Per 90 Minutes_G-PK,Std của Per 90 Minutes_G-PK,Median của Per 90 Minutes_G+A-PK,Mean của Per 90 Minutes_G+A-PK,Std của Per 90 Minutes_G+A-PK,Median của Performance_GA,Mean của Performance_GA,Std của Performance_GA,Median của Performance_GA90,Mean của Performance_GA90,Std của Performance_GA90,Median của Performance_SoTA,Mean của Performance_SoTA,Std của Performance_SoTA,Median của Performance_Saves,Mean của Performance_Saves,Std của Performance_Saves,Median của Performance_Save%,Mean của Performance_Save%,Std của Performance_Save%,Median của Performance_W,Mean của Performance_W,Std của Performance_W,Median của Performance_D,Mean của Performance_D,Std của Performance_D,Median của Performance_L,Mean của Performance_L,Std của Performance_L,Median của Performance_CS,Mean của Performance_CS,Std của Performance_CS,Median của Performance_CS%,Mean của Performance_CS%,Std của Performance_CS%,Median của Penalty Kicks_PKatt,Mean của Penalty Kicks_PKatt,Std của Penalty Kicks_PKatt,Median của Penalty Kicks_PKA,Mean của Penalty Kicks_PKA,Std của Penalty Kicks_PKA,Median của Penalty Kicks_PKsv,Mean của Penalty Kicks_PKsv,Std của Penalty Kicks_PKsv,Median của Penalty Kicks_PKm,Mean của Penalty Kicks_PKm,Std của Penalty Kicks_PKm,Median của Penalty Kicks_Save%,Mean của Penalty Kicks_Save%,Std của Penalty Kicks_Save%,Median của 90s,Mean của 90s,Std của 90s,Median của Standard_Gls,Mean của Standard_Gls,Std của Standard_Gls,Median của Standard_Sh,Mean của Standard_Sh,Std của Standard_Sh,Median của Standard_SoT,Mean của Standard_SoT,Std của Standard_SoT,Median của Standard_SoT%,Mean của Standard_SoT%,Std của Standard_SoT%,Median của Standard_Sh/90,Mean của Standard_Sh/90,Std của Standard_Sh/90,Median của Standard_SoT/90,Mean của Standard_SoT/90,Std của Standard_SoT/90,Median của Standard_G/Sh,Mean của Standard_G/Sh,Std của Standard_G/Sh,Median của Standard_G/SoT,Mean của Standard_G/SoT,Std của Standard_G/SoT,Median của Standard_PK,Mean của Standard_PK,Std của Standard_PK,Median của Standard_PKatt,Mean của Standard_PKatt,Std của Standard_PKatt,Median của Ast,Mean của Ast,Std của Ast,Median của Pass Types_Crs,Mean của Pass Types_Crs,Std của Pass Types_Crs,Median của Tackles_TklW,Mean của Tackles_TklW,Std của Tackles_TklW,Median của Int,Mean của Int,Std của Int,Median của Playing Time_Mn/MP,Mean của Playing Time_Mn/MP,Std của Playing Time_Mn/MP,Median của Playing Time_Min%,Mean của Playing Time_Min%,Std của Playing Time_Min%,Median của Starts_Starts,Mean của Starts_Starts,Std của Starts_Starts,Median của Starts_Mn/Start,Mean của Starts_Mn/Start,Std của Starts_Mn/Start,Median của Starts_Compl,Mean của Starts_Compl,Std của Starts_Compl,Median của Subs_Subs,Mean của Subs_Subs,Std của Subs_Subs,Median của Subs_Mn/Sub,Mean của Subs_Mn/Sub,Std của Subs_Mn/Sub,Median của Subs_unSub,Mean của Subs_unSub,Std của Subs_unSub,Median của Team Success_PPM,Mean của Team Success_PPM,Std của Team Success_PPM,Median của Team Success_onG,Mean của Team Success_onG,Std của Team Success_onG,Median của Team Success_onGA,Mean của Team Success_onGA,Std của Team Success_onGA,Median của Team Success_+/-,Mean của Team Success_+/-,Std của Team Success_+/-,Median của Team Success_+/-90,Mean của Team Success_+/-90,Std của Team Success_+/-90,Median của Team Success_On-Off,Mean của Team Success_On-Off,Std của Team Success_On-Off,Median của Performance_2CrdY,Mean của Performance_2CrdY,Std của Performance_2CrdY,Median của Performance_Fls,Mean của Performance_Fls,Std của Performance_Fls,Median của Performance_Fld,Mean của Performance_Fld,Std của Performance_Fld,Median của Performance_Off,Mean của Performance_Off,Std của Performance_Off,Median của Performance_Crs,Mean của Performance_Crs,Std của Performance_Crs,Median của Performance_Int,Mean của Performance_Int,Std của Performance_Int,Median của Performance_TklW,Mean của Performance_TklW,Std của Performance_TklW,Median của Performance_OG,Mean của Performance_OG,Std của Performance_OG
all,25.00,25.56,4.30,1998.00,1998.07,4.31,25.00,22.76,10.80,15.00,16.63,11.79,1396.50,1492.13,999.74,15.55,16.58,11.11,1.00,2.15,3.71,1.00,1.60,2.34,2.00,3.75,5.42,1.00,2.02,3.29,0.00,0.14,0.72,0.00,0.17,0.78,2.00,3.17,2.80,0.00,0.10,0.32,0.04,0.12,0.17,0.04,0.09,0.12,0.12,0.21,0.24,0.04,0.12,0.17,0.12,0.20,0.23,26.00,27.20,18.87,1.51,1.66,0.65,75.00,83.10,59.19,50.00,56.22,41.53,66.40,65.92,8.25,5.00,7.00,6.68,3.00,4.54,4.41,6.00,6.98,5.48,3.00,4.39,4.18,21.60,25.28,22.05,2.00,2.02,2.14,1.00,1.68,1.89,0.00,0.34,0.62,0.00,0.00,0.00,0.00,17.32,28.48,15.55,16.58,11.11,1.00,2.15,3.71,12.00,19.56,22.71,3.00,6.87,9.44,32.20,31.43,19.93,0.89,1.24,1.11,0.24,0.42,0.48,0.07,0.09,0.11,0.25,0.26,0.24,0.00,0.14,0.72,0.00,0.17,0.78,1.00,1.60,2.34,9.50,26.48,38.67,11.00,15.78,15.07,7.00,11.55,12.17,65.00,60.78,22.51,40.85,43.63,29.23,15.00,16.63,11.79,81.00,79.37,9.51,7.00,10.20,10.53,5.00,6.12,5.59,20.00,21.27,10.14,2.00,5.03,6.45,1.42,1.34,0.57,19.50,24.31,18.75,22.50,24.24,16.54,0.00,0.07,14.25,0.00,-0.12,0.99,0.01,0.03,1.67,0.00,0.05,0.22,13.00,16.65,14.84,11.00,16.16,15.89,1.00,2.53,4.23,9.50,26.48,38.67,7.00,11.55,12.17,11.00,15.78,15.07,0.00,0.07,0.29
Arsenal,25.50,25.27,3.82,1997.50,1998.27,3.95,25.50,25.32,8.20,18.50,19.00,10.77,1657.50,1698.91,941.38,18.40,18.88,10.46,2.50,3.05,2.90,2.00,2.50,2.94,3.50,5.55,5.13,2.00,2.95,2.87,0.00,0.09,0.29,0.00,0.09,0.29,3.50,3.18,1.92,0.00,0.27,0.55,0.12,0.17,0.16,0.11,0.13,0.14,0.31,0.31,0.22,0.12,0.17,0.16,0.31,0.30,0.22,34.00,34.00,0.00,0.89,0.89,0.00,120.00,120.00,0.00,86.00,86.00,0.00,71.70,71.70,0.00,20.00,20.00,0.00,14.00,14.00,0.00,4.00,4.00,0.00,13.00,13.00,0.00,34.20,34.20,0.00,3.00,3.00,0.00,3.00,3.00,0.00,0.00,0.00,0.00,0.00,0.00,0.00,0.00,0.00,0.00,18.40,18.88,10.46,2.50,3.05,2.90,17.00,24.77,22.95,5.50,8.50,8.58,34.30,31.75,15.95,1.23,1.40,1.04,0.32,0.45,0.42,0.14,0.15,0.13,0.41,0.47,0.29,0.00,0.09,0.29,0.00,0.09,0.29,2.00,2.50,2.94,12.50,34.14,44.07,14.00,15.09,13.10,6.50,10.41,9.39,68.00,62.45,20.92,48.50,49.68,27.53,18.50,19.00,10.77,82.50,79.77,9.42,10.00,12.36,10.84,6.50,6.32,4.24,19.00,20.11,7.42,2.00,5.18,6.74,1.96,1.94,0.13,33.00,34.27,19.32,18.50,16.82,9.87,16.00,17.45,10.35,0.91,0.95,0.31,-0.03,0.05,0.60,0.00,0.14,0.35,15.00,18.09,11.91,17.00,18.36,13.51,2.00,3.68,3.78,12.50,34.14,44.07,6.50,10.41,9.39,14.00,15.09,13.10,0.00,0.00,0.00
Aston Villa,26.00,25.82,4.03,1997.00,1997.71,4.04,22.00,21.00,11.24,11.00,14.93,12.56,1129.50,1339.39,1020.81,12.55,14.88,11.34,1.00,2.00,3.42,0.00,1.61,2.70,2.50,3.61,5.56,1.00,1.89,3.13,0.00,0.11,0.42,0.00,0.21,0.57,2.00,2.71,2.40,0.00,0.14,0.36,0.04,0.16,0.27,0.00,0.08,0.11,0.12,0.24,0.32,0.04,0.15,0.26,0.12,0.24,0.30,26.50,26.50,28.99,1.85,1.85,0.76,80.00,80.00,93.34,53.50,53.50,64.35,62.45,62.45,7.57,9.50,9.50,12.02,4.50,4.50,6.36,5.00,5.00,7.07,4.50,4.50,4.95,60.80,60.80,55.44,1.50,1.50,0.71,1.00,1.00,0.00,0.50,0.50,0.71,0.00,0.00,0.00,25.00,25.00,35.36,12.55,14.88,11.34,1.00,2.00,3.42,13.00,17.29,18.59,4.50,6.07,8.34,31.70,31.31,22.15,1.00,1.49,1.44,0.20,0.49,0.69,0.05,0.08,0.08,0.25,0.24,0.17,0.00,0.11,0.42,0.00,0.21,0.57,0.00,1.61,2.70,4.50,21.57,35.01,6.50,13.18,13.24,5.50,8.25,8.51,61.00,57.82,22.53,33.00,39.17,29.85,11.00,14.93,12.56,79.00,77.88,9.52,5.50,8.79,9.98,4.50,6.07,5.28,24.50,27.92,13.95,3.00,4.82,5.98,1.70,1.67,0.28,22.50,22.75,17.25,15.50,19.89,14.47,1.00,2.86,5.50,0.13,-0.04,0.85,-0.09,-0.13,1.12,0.00,0.07,0.26,11.00,14.46,14.03,10.00,17.79,18.92,1.00,1.96,3.31,4.50,21.57,35.01,5.50,8.25,8.51,6.50,13.18,13.24,0.00,0.00,0.00
Bournemouth,25.00,25.04,4.05,1999.00,1998.67,3.86,28.50,23.67,10.98,19.50,17.38,12.87,1764.50,1558.25,1112.10,19.60,17.31,12.36,1.00,2.38,3.70,1.00,1.71,2.01,2.00,4.08,5.23,1.00,2.12,3.19,0.00,0.25,1.22,0.00,0.29,1.23,3.00,4.04,3.21,0.00,0.12,0.34,0.04,0.16,0.21,0.06,0.09,0.11,0.19,0.25,0.27,0.04,0.15,0.20,0.19,0.24,0.26,5.00,15.33,20.55,1.00,1.09,0.15,25.00,58.00,67.82,20.00,42.67,47.27,80.00,78.63,6.75,2.00,5.00,7.00,2.00,3.67,2.89,1.00,4.00,6.08,1.00,3.00,4.36,20.00,15.27,13.54,0.00,1.33,2.31,0.00,1.33,2.31,0.00,0.00,0.00,0.00,0.00,0.00,0.00,0.00,0.00,19.60,17.31,12.36,1.00,2.38,3.70,13.50,24.17,30.88,4.00,8.42,11.47,29.80,26.96,16.77,1.30,1.66,1.59,0.32,0.60,0.67,0.07,0.07,0.07,0.25,0.25,0.20,0.00,0.25,1.22,0.00,0.29,1.23,1.00,1.71,2.01,10.00,34.46,44.53,11.00,16.50,15.60,8.00,13.92,15.75,68.00,60.75,26.30,51.60,45.57,32.51,19.50,17.38,12.87,80.00,78.30,10.71,7.00,10.58,11.89,5.00,6.29,5.57,23.50,22.35,9.74,1.00,3.17,5.54,1.46,1.44,0.18,27.00,26.12,18.56,20.00,20.88,14.78,5.00,5.25,5.42,0.34,0.39,0.85,0.11,-0.15,1.47,0.00,0.00,0.00,18.00,21.75,19.33,10.00,16.50,15.34,1.00,2.96,5.26,10.00,34.46,44.53,8.00,13.92,15.75,11.00,16.50,15.60,0.00,0.00,0.00
Brentford,24.00,25.09,3.83,1999.50,1998.59,3.81,27.50,24.55,12.67,19.00,19.00,14.66,1681.50,1702.36,1238.94,18.70,18.91,13.76,0.00,2.95,5.91,1.50,2.00,2.56,2.00,4.95,7.54,0.00,2.73,5.28,0.00,0.23,1.07,0.00,0.27,1.28,2.00,2.82,2.30,0.00,0.05,0.21,0.00,0.11,0.19,0.08,0.09,0.09,0.12,0.19,0.24,0.00,0.10,0.18,0.12,0.19,0.22,28.50,28.50,37.48,1.38,1.38,0.19,106.00,106.00,142.84,77.50,77.50,105.36,66.70,66.70,9.48,8.00,8.00,11.31,4.00,4.00,5.66,7.00,7.00,8.49,4.50,4.50,4.95,60.80,60.80,55.44,0.50,0.50,0.71,0.50,0.50,0.71,0.00,0.00,0.00,0.00,0.00,0.00,0.00,0.00,0.00,18.70,18.91,13.76,0.00,2.95,5.91,9.50,19.95,26.26,3.50,8.36,12.72,34.30,31.79,18.72,0.59,0.87,0.81,0.16,0.33,0.43,0.05,0.08,0.09,0.29,0.22,0.18,0.00,0.23,1.07,0.00,0.27,1.28,1.50,2.00,2.56,12.00,30.59,50.08,14.00,16.91,13.67,7.50,12.59,12.74,65.00,59.91,26.26,49.15,49.77,36.22,19.00,19.00,14.66,83.50,83.25,5.64,7.50,12.59,13.09,5.00,5.55,5.34,17.00,19.72,10.75,0.50,5.18,9.58,1.48,1.49,0.29,32.50,32.86,24.31,29.50,28.27,19.76,4.00,4.59,6.19,0.25,0.14,0.75,0.10,1.51,6.68,0.00,0.00,0.00,10.50,14.23,12.02,10.00,15.36,15.49,1.00,2.86,4.40,12.00,30.59,50.08,7.50,12.59,12.74,14.00,16.91,13.67,0.00,0.14,0.47
Brighton,23.00,24.75,5.13,2000.00,1998.86,5.17,23.00,21.21,10.83,11.50,14.93,10.72,1056.00,1339.64,946.35,11.75,14.89,10.51,1.00,2.29,3.17,1.00,1.46,1.71,2.00,3.75,4.69,1.00,2.04,2.76,0.00,0.25,0.97,0.00,0.25,0.97,2.00,2.79,2.63,0.00,0.11,0.31,0.10,0.14,0.15,0.03,0.09,0.12,0.16,0.23,0.23,0.10,0.12,0.13,0.16,0.22,0.21,29.50,29.50,40.31,1.06,1.06,0.78,72.00,72.00,96.17,46.00,46.00,60.81,66.80,66.80,11.60,8.00,8.00,8.49,6.50,6.50,9.19,4.50,4.50,6.36,4.00,4.00,4.24,34.70,34.70,21.64,4.50,4.50,6.36,4.50,4.50,6.36,0.00,0.00,0.00,0.00,0.00,0.00,0.00,0.00,0.00,11.75,14.89,10.51,1.00,2.29,3.17,11.50,19.04,18.52,4.50,6.82,7.45,30.60,30.95,15.64,1.06,1.42,1.23,0.37,0.51,0.64,0.08,0.10,0.10,0.27,0.31,0.27,0.00,0.25,0.97,0.00,0.25,0.97,1.00,1.46,1.71,12.50,25.00,29.92,11.50,15.43,13.58,8.50,11.18,11.69,61.00,59.04,21.42,30.90,39.17,27.66,11.50,14.93,10.72,78.50,77.71,9.69,5.00,8.25,9.64,4.50,6.29,4.99,19.00,19.08,7.89,2.00,3.46,5.07,1.59,1.71,0.46,25.50,25.79,18.14,22.50,23.00,15.61,3.00,2.79,6.05,0.18,0.22,0.65,-0.01,0.03,0.97,0.00,0.07,0.26,12.00,15.57,13.01,10.00,14.64,14.83,1.00,1.64,2.02,12.50,25.00,29.92,8.50,11.18,11.69,11.50,15.43,13.58,0.00,0.07,0.26
Chelsea,23.00,23.00,2.30,2001.00,2000.69,2.54,20.50,21.27,12.34,13.00,16.08,12.90,1117.50,1441.62,1125.15,12.40,16.02,12.51,1.00,2.35,3.67,1.00,1.81,2.30,2.00,4.15,5.74,1.00,2.19,3.16,0.00,0.15,0.78,0.00,0.19,0.98,2.50,3.88,3.41,0.00,0.08,0.27,0.06,0.13,0.15,0.07,0.12,0.13,0.15,0.24,0.26,0.06,0.12,0.15,0.15,0.24,0.25,21.50,21.50,17.68,1.28,1.28,0.31,78.50,78.50,70.00,57.00,57.00,52.33,71.20,71.20,3.11,10.00,10.00,9.90,4.50,4.50,6.36,4.50,4.50,2.12,5.50,5.50,6.36,24.00,24.00,10.32,3.00,3.00,2.83,2.50,2.50,2.12,0.50,0.50,0.71,0.00,0.00,0.00,10.00,10.00,14.14,12.40,16.02,12.51,1.00,2.35,3.67,12.00,22.85,31.31,3.00,8.35,12.95,33.30,31.21,22.22,0.88,1.30,1.27,0.28,0.46,0.51,0.08,0.10,0.12,0.29,0.33,0.28,0.00,0.15,0.78,0.00,0.19,0.98,1.00,1.81,2.30,3.00,25.62,44.27,8.50,14.23,17.01,7.50,10.00,11.37,64.00,60.69,23.36,32.70,42.15,32.90,13.00,16.08,12.90,81.50,80.12,10.08,6.00,10.65,11.59,4.50,5.19,4.79,20.00,20.48,8.75,4.00,6.65,7.66,1.86,1.88,0.19,20.50,27.00,21.51,14.00,18.08,14.18,8.00,8.92,8.09,0.56,0.57,0.51,0.04,0.02,0.75,0.00,0.04,0.20,8.50,16.81,17.73,11.00,17.04,18.19,1.00,2.46,4.65,3.00,25.62,44.27,7.50,10.00,11.37,8.50,14.23,17.01,0.00,0.00,0.00
Crystal Palace,26.00,25.68,3.39,1998.00,1998.05,3.47,31.00,25.14,12.06,19.00,18.86,14.12,1743.00,1690.86,1183.09,19.40,18.79,13.15,1.00,2.18,3.57,1.00,1.73,2.29,2.00,3.91,5.14,1.00,2.05,3.18,0.00,0.14,0.47,0.00,0.18,0.59,2.00,3.50,3.45,0.00,0.18,0.39,0.04,0.14,0.18,0.05,0.10,0.15,0.15,0.23,0.30,0.04,0.13,0.18,0.15,0.23,0.30,51.00,51.00,0.00,1.34,1.34,0.00,152.00,152.00,0.00,102.00,102.00,0.00,66.40,66.40,0.00,13.00,13.00,0.00,14.00,14.00,0.00,11.00,11.00,0.00,11.00,11.00,0.00,28.90,28.90,0.00,2.00,2.00,0.00,1.00,1.00,0.00,1.00,1.00,0.00,0.00,0.00,0.00,50.00,50.00,0.00,19.40,18.79,13.15,1.00,2.18,3.57,12.50,23.00,25.55,4.50,8.27,10.11,36.80,35.14,23.98,1.03,1.51,1.19,0.34,0.56,0.51,0.05,0.11,0.22,0.17,0.23,0.27,0.00,0.14,0.47,0.00,0.18,0.59,1.00,1.73,2.29,9.50,27.27,34.30,13.50,20.05,19.10,10.50,14.91,15.47,67.50,60.05,25.95,50.95,49.43,34.60,19.00,18.86,14.12,81.00,80.05,8.90,8.00,12.09,12.88,5.00,6.27,6.44,20.50,21.12,10.03,1.00,3.27,5.63,1.40,1.36,0.37,27.50,25.23,17.80,28.00,25.09,16.65,0.00,0.14,2.92,0.00,-0.06,0.51,0.00,0.05,0.76,0.00,0.14,0.35,12.50,18.59,17.67,19.00,18.32,16.46,1.00,3.41,5.78,9.50,27.27,34.30,10.50,14.91,15.47,13.50,20.05,19.10,0.00,0.14,0.64
Everton,25.50,26.73,5.00,1998.50,1996.91,5.04,25.50,24.50,9.74,17.00,18.95,11.21,1582.50,1700.23,960.54,17.60,18.90,10.66,1.00,1.77,2.51,1.00,1.23,1.48,2.00,3.00,2.86,1.00,1.68,2.25,0.00,0.09,0.43,0.00,0.09,0.43,4.00,3.64,2.36,0.00,0.09,0.29,0.04,0.10,0.13,0.05,0.08,0.11,0.10,0.18,0.19,0.04,0.10,0.13,0.10,0.18,0.18,44.00,44.00,0.00,1.16,1.16,0.00,163.00,163.00,0.00,119.00,119.00,0.00,73.00,73.00,0.00,11.00,11.00,0.00,15.00,15.00,0.00,12.00,12.00,0.00,12.00,12.00,0.00,31.60,31.60,0.00,2.00,2.00,0.00,0.00,0.00,0.00,2.00,2.00,0.00,0.00,0.00,0.00,100.00,100.00,0.00,17.60,18.90,10.66,1.00,1.77,2.51,14.50,18.23,14.90,4.00,6.45,6.58,35.70,33.43,22.35,0.82,1.09,0.89,0.27,0.39,0.42,0.06,0.09,0.10,0.21,0.29,0.29,0.00,0.09,0.43,0.00,0.09,0.43,1.00,1.23,1.48,9.00,30.77,40.07,15.00,19.50,17.83,12.00,14.82,13.38,65.50,64.73,18.59,46.25,49.71,28.09,17.00,18.95,11.21,84.00,81.36,8.79,10.50,12.95,11.30,4.50,5.55,4.43,20.00,18.42,6.23,1.00,4.45,6.77,1.27,1.27,0.15,20.50,20.91,11.74,21.00,21.68,11.87,-1.00,-0.77,4.40,-0.06,-0.10,0.35,-0.01,-0.01,0.62,0.00,0.05,0.21,15.00,19.36,14.53,16.00,17.32,14.15,1.00,3.59,6.48,9.00,30.77,40.07,12.00,14.82,13.38,15.00,19.50,17.83,0.00,0.00,0.00
Fulham,27.00,27.09,3.90,1996.00,1996.57,3.92,29.00,25.70,10.38,18.00,18.17,12.60,1772.00,1632.35,1057.45,19.70,18.13,11.75,0.00,2.30,3.50,1.00,1.91,2.63,2.00,4.22,4.88,0.00,2.17,3.16,0.00,0.13,0.63,0.00,0.17,0.65,3.00,3.48,3.09,0.00,0.09,0.29,0.00,0.15,0.22,0.08,0.09,0.11,0.10,0.25,0.28,0.00,0.15,0.22,0.10,0.24,0.28,54.00,54.00,0.00,1.42,1.42,0.00,158.00,158.00,0.00,107.00,107.00,0.00,65.80,65.80,0.00,15.00,15.00,0.00,9.00,9.00,0.00,14.00,14.00,0.00,5.00,5.00,0.00,13.20,13.20,0.00,4.00,4.00,0.00,3.00,3.00,0.00,1.00,1.00,0.00,0.00,0.00,0.00,25.00,25.00,0.00,19.70,18.13,11.75,0.00,2.30,3.50,14.00,22.61,23.63,4.00,7.48,9.12,32.05,30.05,18.23,1.63,1.54,1.12,0.17,0.53,0.58,0.03,0.07,0.09,0.17,0.20,0.20,0.00,0.13,0.63,0.00,0.17,0.65,1.00,1.91,2.63,16.00,39.17,52.83,13.00,17.61,14.86,9.00,12.65,13.90,61.00,56.96,24.89,51.80,47.73,30.91,18.00,18.17,12.60,79.50,79.73,7.95,4.00,10.39,12.39,7.00,7.52,6.50,18.00,16.71,7.38,2.00,4.70,6.03,1.42,1.43,0.13,29.00,25.78,15.96,28.00,25.74,16.19,0.00,0.04,3.11,0.00,0.00,0.65,0.00,-0.03,0.80,0.00,0.00,0.00,18.00,18.70,15.38,16.00,15.52,11.73,1.00,1.87,3.40,16.00,39.17,52.83,9.00,12.65,13.90,13.00,17.61,14.86,0.00,0.09,0.29
Ipswich Town,25.50,25.53,3.10,1998.00,1997.93,3.28,18.50,19.77,9.98,12.00,13.93,10.43,1081.00,1245.77,868.09,12.00,13.84,9.65,0.00,1.17,2.32,0.50,0.87,1.07,1.50,2.03,2.76,0.00,1.10,2.01,0.00,0.07,0.37,0.00,0.07,0.37,2.00,3.10,2.84,0.00,0.17,0.38,0.00,0.09,0.14,0.01,0.06,0.09,0.10,0.15,0.17,0.00,0.08,0.13,0.10,0.15,0.16,30.00,27.33,7.37,2.31,2.28,0.44,75.00,72.33,32.08,45.00,45.00,25.00,60.00,59.77,8.35,1.00,1.33,0.58,3.00,3.33,2.52,9.00,8.00,2.65,1.00,0.67,0.58,5.60,6.63,7.21,2.00,2.00,1.00,2.00,2.00,1.00,0.00,0.00,0.00,0.00,0.00,0.00,0.00,0.00,0.00,12.00,13.84,9.65,0.00,1.17,2.32,10.50,12.53,14.77,2.00,4.23,6.84,24.05,29.11,24.51,0.56,0.95,0.95,0.12,0.31,0.42,0.06,0.07,0.07,0.25,0.25,0.24,0.00,0.07,0.37,0.00,0.07,0.37,0.50,0.87,1.07,8.50,16.67,31.38,8.50,11.30,10.06,6.00,9.87,10.00,62.00,60.70,23.38,31.60,36.43,25.38,12.00,13.93,10.43,82.00,79.24,9.85,3.00,7.90,9.62,3.00,5.83,6.91,17.00,19.80,11.12,2.50,5.13,6.79,0.58,0.56,0.16,12.00,13.13,9.07,25.50,29.77,20.54,-16.00,-16.63,12.11,-1.25,-1.35,0.97,-0.06,-0.14,1.08,0.00,0.13,0.35,9.00,14.33,15.77,9.00,13.47,13.01,0.50,1.70,3.06,8.50,16.67,31.38,6.00,9.87,10.00,8.50,11.30,10.06,0.00,0.07,0.25
Leicester City,25.00,25.56,4.80,1998.00,1998.04,4.81,23.00,21.30,10.38,14.00,15.48,10.75,1391.00,1391.22,890.91,15.50,15.46,9.90,0.00,1.22,2.15,0.00,0.93,1.38,1.00,2.15,3.01,0.00,1.15,1.96,0.00,0.07,0.27,0.00,0.11,0.42,3.00,3.22,2.71,0.00,0.00,0.00,0.00,0.06,0.10,0.00,0.06,0.08,0.05,0.12,0.14,0.00,0.06,0.09,0.05,0.12,0.14,16.00,26.67,27.59,2.19,2.60,1.25,44.00,71.33,78.65,28.00,44.67,51.08,63.60,55.80,13.68,3.00,2.00,1.73,1.00,2.33,3.21,6.00,8.33,8.74,1.00,1.00,1.00,3.70,7.90,10.64,0.00,1.33,2.31,0.00,1.00,1.73,0.00,0.33,0.58,0.00,0.00,0.00,25.00,25.00,0.00,15.50,15.46,9.90,0.00,1.22,2.15,7.00,12.41,14.17,2.00,4.11,5.57,33.30,34.97,22.77,0.59,0.87,0.77,0.23,0.31,0.30,0.07,0.08,0.12,0.27,0.26,0.27,0.00,0.07,0.27,0.00,0.11,0.42,0.00,0.93,1.38,10.00,22.81,28.38,12.00,15.67,14.33,8.00,11.22,11.67,68.00,60.81,21.28,40.70,40.67,26.05,14.00,15.48,10.75,81.00,79.15,10.42,8.00,9.26,8.95,5.00,5.81,5.39,18.00,21.09,11.13,4.00,5.52,5.08,0.65,0.63,0.21,15.00,13.44,8.92,33.00,32.44,20.98,-16.00,-19.00,13.11,-1.14,-1.47,1.02,0.17,-0.22,1.17,0.00,0.00,0.00,16.00,15.44,11.60,13.00,14.56,13.64,1.00,2.33,5.23,10.00,22.81,28.38,8.00,11.22,11.67,12.00,15.67,14.33,0.00,0.11,0.32
Liverpool,25.00,26.05,3.61,1998.00,1997.64,3.63,30.50,26.41,10.38,21.00,19.00,12.93,1823.50,1704.45,1070.01,20.25,18.95,11.90,1.00,3.86,6.66,2.00,2.95,3.92,3.50,6.82,10.36,1.00,3.45,5.15,0.00,0.41,1.92,0.00,0.41,1.92,2.50,3.05,2.40,0.00,0.14,0.35,0.06,0.16,0.22,0.14,0.14,0.14,0.17,0.30,0.33,0.06,0.15,0.19,0.17,0.29,0.30,20.50,20.50,12.02,1.12,1.12,0.11,71.50,71.50,48.79,49.00,49.00,35.36,70.10,70.10,3.54,12.50,12.50,7.78,4.50,4.50,3.54,2.00,2.00,1.41,7.00,7.00,4.24,37.85,37.85,3.04,1.00,1.00,0.00,0.50,0.50,0.71,0.50,0.50,0.71,0.00,0.00,0.00,50.00,50.00,70.71,20.25,18.95,11.90,1.00,3.86,6.66,19.50,29.41,31.72,4.50,10.50,14.09,34.30,33.03,14.40,1.25,1.62,1.41,0.35,0.56,0.53,0.07,0.08,0.07,0.26,0.24,0.19,0.00,0.41,1.92,0.00,0.41,1.92,2.00,2.95,3.92,7.50,32.95,47.27,17.50,18.14,15.27,7.50,13.32,15.62,62.50,59.59,24.51,53.35,49.85,31.29,21.00,19.00,12.93,79.00,78.77,7.79,6.50,11.45,11.14,6.00,7.41,6.54,22.00,22.12,8.23,2.50,6.59,8.34,2.21,2.18,0.21,41.50,42.86,28.09,22.50,20.36,11.31,18.00,22.50,17.84,1.20,1.05,0.52,0.03,0.14,1.07,0.00,0.05,0.21,16.00,19.55,17.32,13.50,16.32,14.65,1.00,2.73,4.70,7.50,32.95,47.27,7.50,13.32,15.62,17.50,18.14,15.27,0.00,0.09,0.29
Manchester City,25.00,25.76,4.93,1998.00,1997.88,4.97,26.00,21.60,9.86,19.00,16.68,9.61,1674.00,1498.60,853.58,18.60,16.65,9.48,1.00,2.84,4.59,0.00,2.04,2.67,3.00,4.88,5.56,1.00,2.72,4.08,0.00,0.12,0.60,0.00,0.16,0.80,2.00,2.36,1.78,0.00,0.08,0.28,0.12,0.18,0.22,0.00,0.10,0.14,0.27,0.28,0.25,0.12,0.17,0.21,0.27,0.27,0.24,22.00,22.00,5.66,1.24,1.24,0.33,65.50,65.50,20.51,43.50,43.50,14.85,66.10,66.10,1.98,10.50,10.50,7.78,4.00,4.00,0.00,4.50,4.50,2.12,6.50,6.50,4.95,31.75,31.75,9.55,2.00,2.00,0.00,2.00,2.00,0.00,0.00,0.00,0.00,0.00,0.00,0.00,0.00,0.00,0.00,18.60,16.65,9.48,1.00,2.84,4.59,15.00,24.28,26.10,4.00,8.68,12.46,32.45,32.61,19.75,1.08,1.36,1.18,0.33,0.47,0.49,0.11,0.14,0.21,0.35,0.35,0.26,0.00,0.12,0.60,0.00,0.16,0.80,0.00,2.04,2.67,8.00,26.52,36.49,8.00,11.56,11.59,5.00,8.76,9.46,68.00,67.00,16.59,48.90,43.82,24.96,19.00,16.68,9.61,84.00,83.72,5.67,8.00,11.44,9.48,4.00,4.92,4.07,15.00,17.00,8.56,5.00,6.64,6.56,1.92,1.85,0.39,32.00,31.48,18.60,19.00,19.24,10.93,13.00,12.24,9.93,0.77,0.64,0.57,0.04,-0.04,0.90,0.00,0.04,0.20,12.00,11.44,8.70,13.00,15.12,12.55,0.00,1.80,2.58,8.00,26.52,36.49,5.00,8.76,9.46,8.00,11.56,11.59,0.00,0.08,0.28
Manchester Utd,24.00,24.23,5.12,1999.00,1999.47,5.01,20.50,19.23,11.81,12.00,13.93,11.08,1113.00,1248.67,956.92,12.35,13.87,10.63,0.00,1.40,2.34,0.00,0.97,2.14,0.50,2.37,4.22,0.00,1.27,2.12,0.00,0.13,0.57,0.00,0.13,0.57,2.50,2.87,2.64,0.00,0.10,0.40,0.00,0.07,0.11,0.00,0.04,0.08,0.01,0.11,0.18,0.00,0.07,0.11,0.01,0.11,0.17,27.00,27.00,24.04,1.90,1.90,0.86,73.50,73.50,78.49,48.00,48.00,56.57,55.15,55.15,15.20,5.50,5.50,6.36,4.50,4.50,6.36,9.00,9.00,8.49,5.00,5.00,5.66,25.75,25.75,1.06,2.00,2.00,2.83,1.50,1.50,2.12,0.50,0.50,0.71,0.00,0.00,0.00,25.00,25.00,0.00,12.35,13.87,10.63,0.00,1.40,2.34,14.00,17.53,23.00,2.50,5.83,7.92,30.20,28.15,17.72,0.84,1.20,1.07,0.21,0.39,0.47,0.03,0.05,0.07,0.14,0.17,0.17,0.00,0.13,0.57,0.00,0.13,0.57,0.00,0.97,2.14,7.00,20.67,37.66,8.00,16.50,19.05,5.50,11.70,12.39,62.50,59.83,20.16,32.55,36.51,27.99,12.00,13.93,11.08,80.50,77.96,11.02,5.00,8.53,9.39,5.00,5.30,4.43,24.00,23.96,6.30,2.50,4.73,5.95,1.13,1.10,0.41,17.00,16.07,11.77,18.00,19.60,14.79,-3.00,-3.53,5.92,-0.27,-0.12,0.93,0.02,0.14,1.17,0.00,0.03,0.18,9.00,13.43,12.28,7.00,12.40,12.63,1.00,2.30,3.36,7.00,20.67,37.66,5.50,11.70,12.39,8.00,16.50,19.05,0.00,0.07,0.25
Newcastle,26.00,26.57,4.78,1997.00,1996.87,4.67,28.00,25.17,10.70,17.00,18.17,13.56,1755.00,1632.00,1131.25,19.50,18.13,12.56,0.00,2.87,5.21,1.00,2.17,2.96,2.00,5.04,7.40,0.00,2.65,4.50,0.00,0.22,0.85,0.00,0.26,0.92,2.00,2.96,3.31,0.00,0.04,0.21,0.00,0.14,0.22,0.03,0.10,0.12,0.17,0.24,0.28,0.00,0.14,0.20,0.17,0.23,0.26,23.50,23.50,16.26,1.23,1.23,0.04,81.50,81.50,57.28,58.00,58.00,41.01,71.00,71.00,0.42,10.00,10.00,4.24,3.00,3.00,4.24,6.00,6.00,4.24,6.50,6.50,2.12,39.30,39.30,15.13,1.00,1.00,1.41,0.50,0.50,0.71,0.50,0.50,0.71,0.00,0.00,0.00,50.00,50.00,0.00,19.50,18.13,12.56,0.00,2.87,5.21,6.00,22.78,26.27,2.00,7.57,10.82,31.10,26.57,16.23,1.20,1.30,1.04,0.34,0.40,0.41,0.05,0.08,0.10,0.30,0.26,0.27,0.00,0.22,0.85,0.00,0.26,0.92,1.00,2.17,2.96,12.00,30.52,41.72,15.00,15.87,14.16,6.00,11.30,12.22,67.00,57.74,27.64,51.30,47.72,33.08,17.00,18.17,13.56,82.00,79.91,9.41,6.00,11.04,11.45,6.00,7.00,6.59,19.00,20.12,10.23,1.00,5.65,7.90,1.69,1.72,0.19,34.00,32.35,24.20,23.00,22.48,15.54,11.00,9.87,9.27,0.57,0.29,0.70,0.02,-0.07,1.13,0.00,0.00,0.00,9.00,17.13,18.06,12.00,19.52,25.83,2.00,3.09,4.32,12.00,30.52,41.72,6.00,11.30,12.22,15.00,15.87,14.16,0.00,0.09,0.42
Nottingham,26.00,25.95,3.55,1997.50,1997.50,3.60,32.50,26.50,11.92,20.50,19.00,14.44,1939.00,1707.68,1204.84,21.55,18.98,13.38,1.00,2.59,4.45,1.00,1.91,2.88,1.50,4.50,6.25,1.00,2.45,3.90,0.00,0.14,0.64,0.00,0.14,0.64,3.50,4.09,3.46,0.00,0.09,0.29,0.06,0.12,0.15,0.05,0.09,0.11,0.15,0.20,0.20,0.06,0.11,0.14,0.15,0.20,0.19,46.00,46.00,0.00,1.21,1.21,0.00,163.00,163.00,0.00,119.00,119.00,0.00,71.80,71.80,0.00,19.00,19.00,0.00,8.00,8.00,0.00,11.00,11.00,0.00,13.00,13.00,0.00,34.20,34.20,0.00,3.00,3.00,0.00,3.00,3.00,0.00,0.00,0.00,0.00,0.00,0.00,0.00,0.00,0.00,0.00,21.55,18.98,13.38,1.00,2.59,4.45,16.00,21.05,20.46,5.50,7.55,9.21,38.05,39.02,26.26,0.87,1.12,0.89,0.23,0.42,0.41,0.07,0.08,0.08,0.25,0.27,0.26,0.00,0.14,0.64,0.00,0.14,0.64,1.00,1.91,2.88,8.00,28.36,44.04,15.50,19.23,18.01,10.00,14.14,11.82,61.00,57.18,25.15,56.70,49.94,35.23,20.50,19.00,14.44,81.50,78.95,10.73,6.50,11.32,12.66,4.50,7.50,8.06,20.00,18.82,6.83,3.00,5.36,6.63,1.73,1.79,0.25,28.00,28.95,21.13,25.00,23.00,15.38,5.00,5.95,7.23,0.34,0.23,0.57,0.25,-0.01,0.99,0.00,0.09,0.29,14.00,18.23,14.94,9.00,18.91,18.30,1.50,4.14,6.89,8.00,28.36,44.04,10.00,14.14,11.82,15.50,19.23,18.01,0.00,0.00,0.00
Southampton,25.50,25.57,4.42,1998.50,1998.30,4.51,19.50,19.60,11.11,13.00,13.90,10.48,1161.50,1244.57,907.77,12.90,13.83,10.08,0.50,0.83,1.05,0.00,0.53,0.94,1.00,1.37,1.54,0.50,0.83,1.05,0.00,0.00,0.00,0.00,0.07,0.25,2.00,2.87,3.17,0.00,0.10,0.40,0.01,0.05,0.08,0.00,0.04,0.10,0.06,0.10,0.13,0.01,0.05,0.08,0.06,0.10,0.13,13.00,28.67,32.47,2.33,2.38,0.20,37.00,82.00,93.05,24.00,53.33,60.58,65.00,65.00,0.10,0.00,0.67,1.15,1.00,2.00,2.65,5.00,10.00,11.36,0.00,1.00,1.73,0.00,3.33,5.77,2.00,3.00,3.61,2.00,2.33,2.52,0.00,0.67,1.15,0.00,0.00,0.00,14.30,14.30,20.22,12.90,13.83,10.08,0.50,0.83,1.05,7.50,11.33,11.88,1.50,3.70,4.47,30.00,31.20,26.45,0.63,0.84,0.76,0.16,0.25,0.29,0.05,0.07,0.09,0.18,0.26,0.26,0.00,0.00,0.00,0.00,0.07,0.25,0.00,0.53,0.94,5.50,17.93,27.67,9.50,12.67,12.15,5.00,9.40,12.47,61.50,60.43,20.18,33.95,36.39,26.54,13.00,13.90,10.48,77.50,77.33,10.38,4.50,7.90,9.30,4.00,5.70,5.36,21.00,22.96,13.97,3.50,4.93,6.44,0.30,0.30,0.16,8.00,9.53,7.19,29.50,31.17,21.85,-21.50,-21.63,14.98,-1.55,-1.59,0.48,0.06,0.07,0.73,0.00,0.00,0.00,11.50,15.17,14.11,8.00,13.90,15.99,0.00,1.60,2.77,5.50,17.93,27.67,5.00,9.40,12.47,9.50,12.67,12.15,0.00,0.00,0.00
Tottenham,24.00,24.37,4.61,1999.00,1999.19,4.56,24.00,21.04,9.30,16.00,15.44,8.17,1408.00,1387.78,687.98,15.60,15.42,7.64,1.00,2.26,3.32,1.00,1.70,2.38,2.00,3.96,5.21,1.00,2.15,3.21,0.00,0.11,0.32,0.00,0.15,0.46,2.00,2.67,2.51,0.00,0.04,0.19,0.05,0.13,0.18,0.07,0.11,0.14,0.13,0.23,0.27,0.05,0.12,0.18,0.13,0.23,0.26,15.00,21.00,14.00,1.83,1.84,0.30,42.00,60.67,38.55,28.00,40.00,24.33,64.80,65.90,2.35,1.00,3.67,4.62,2.00,1.67,1.53,5.00,7.00,4.36,1.00,2.00,1.73,16.70,15.90,1.39,1.00,1.00,1.00,1.00,1.00,1.00,0.00,0.00,0.00,0.00,0.00,0.00,0.00,0.00,0.00,15.60,15.42,7.64,1.00,2.26,3.32,11.00,18.37,19.00,3.00,6.81,7.96,36.70,35.21,17.95,0.92,1.11,0.86,0.28,0.40,0.38,0.07,0.08,0.08,0.23,0.21,0.20,0.00,0.11,0.32,0.00,0.15,0.46,1.00,1.70,2.38,14.00,27.41,43.49,9.00,14.70,13.85,9.00,10.78,10.43,70.00,66.37,17.52,41.20,40.58,20.13,16.00,15.44,8.17,81.00,80.63,7.35,7.00,9.63,7.31,5.00,5.59,4.84,24.00,24.13,10.94,3.00,4.44,3.76,1.03,0.96,0.22,27.00,25.93,15.00,26.00,26.37,12.40,0.00,-0.44,5.79,0.00,-0.16,0.50,0.04,-0.07,0.79,0.00,0.04,0.19,15.00,16.44,13.47,13.00,17.78,15.16,1.00,2.30,3.28,14.00,27.41,43.49,9.00,10.78,10.43,9.00,14.70,13.85,0.00,0.15,0.36
West Ham,27.00,27.28,5.10,1997.00,1996.16,4.94,23.00,23.48,9.24,14.00,16.72,11.57,1160.00,1500.32,978.83,12.90,16.67,10.87,0.00,1.72,3.16,1.00,1.16,1.84,1.00,2.88,4.68,0.00,1.60,2.97,0.00,0.12,0.44,0.00,0.12,0.44,2.00,3.28,2.92,0.00,0.12,0.33,0.00,0.09,0.13,0.04,0.08,0.13,0.08,0.17,0.24,0.00,0.08,0.12,0.08,0.16,0.24,31.00,31.00,14.14,1.63,1.63,0.00,96.00,96.00,35.36,65.00,65.00,21.21,68.25,68.25,3.04,5.50,5.50,0.71,5.00,5.00,2.83,8.50,8.50,6.36,4.00,4.00,1.41,21.55,21.55,2.19,1.50,1.50,2.12,1.50,1.50,2.12,0.00,0.00,0.00,0.00,0.00,0.00,0.00,0.00,0.00,12.90,16.67,10.87,0.00,1.72,3.16,13.00,18.96,22.42,4.00,5.80,8.43,28.60,25.87,14.52,1.04,1.36,1.09,0.30,0.41,0.42,0.04,0.05,0.06,0.20,0.19,0.20,0.00,0.12,0.44,0.00,0.12,0.44,1.00,1.16,1.84,13.00,24.44,29.33,14.00,15.44,13.12,8.00,12.76,14.89,62.00,57.48,23.48,33.90,43.87,28.62,14.00,16.72,11.57,77.00,74.40,13.03,5.00,9.72,11.04,7.00,6.76,4.76,25.00,24.57,11.60,3.00,6.00,6.81,1.13,1.14,0.23,17.00,20.20,13.86,21.00,27.04,18.17,-6.00,-6.84,5.54,-0.43,-0.51,0.46,-0.09,-0.11,0.72,0.00,0.08,0.28,17.00,17.72,15.15,12.00,15.88,18.29,1.00,2.88,4.32,13.00,24.44,29.33,8.00,12.76,14.89,14.00,15.44,13.12,0.00,0.12,0.33
Wolves,26.50,26.71,3.96,1997.50,1997.08,3.99,27.00,23.75,10.65,15.50,17.33,11.86,1387.00,1558.42,966.02,15.45,17.31,10.73,1.00,2.21,3.98,1.00,1.75,2.35,2.00,3.96,5.63,1.00,2.21,3.98,0.00,0.00,0.00,0.00,0.00,0.00,2.50,3.29,2.99,0.00,0.08,0.28,0.07,0.11,0.15,0.03,0.09,0.12,0.12,0.20,0.23,0.07,0.11,0.15,0.12,0.20,0.23,17.00,23.00,22.61,2.00,2.03,0.39,40.00,56.33,54.37,23.00,33.33,31.79,59.00,61.07,4.94,1.00,4.00,6.08,1.00,2.00,2.65,6.00,6.67,6.03,1.00,2.67,3.79,24.10,24.70,25.01,2.00,3.00,3.61,2.00,2.33,2.52,0.00,0.67,1.15,0.00,0.00,0.00,14.30,14.30,20.22,15.45,17.31,10.73,1.00,2.21,3.98,9.50,17.88,23.80,3.00,6.62,10.61,30.00,31.60,16.88,0.72,0.98,0.91,0.21,0.34,0.39,0.09,0.10,0.11,0.31,0.29,0.24,0.00,0.00,0.00,0.00,0.00,0.00,1.00,1.75,2.35,10.00,23.17,34.42,12.50,20.08,20.55,9.00,11.79,10.48,76.00,66.00,24.03,40.55,45.57,28.24,15.50,17.33,11.86,84.00,81.04,8.75,10.00,10.42,8.74,3.00,6.42,7.18,19.50,21.83,10.94,3.00,4.88,5.56,1.10,1.05,0.37,21.00,24.62,15.20,28.00,31.38,17.75,-7.00,-6.75,5.99,-0.47,-0.53,0.49,-0.14,-0.07,0.99,0.00,0.08,0.28,16.50,19.96,18.29,9.50,17.46,18.48,1.00,2.54,3.64,10.00,23.17,34.42,9.00,11.79,10.48,12.50,20.08,20.55,0.00,0.12,0.45
