Thống kê,Top 3 cao nhất,Top 3 thấp nhất
Age,"Łukasz Fabiański (39), Ashley Young (39), James Milner (38)","Jeremy Monga (15), Chidozie Obi-Martin (16), Mikey Moore (16)"
Born,"Jeremy Monga (2009), Ethan Nwaneri (2007), Harry Amass (2007)","Łukasz Fabiański (1985), Ashley Young (1985), James Milner (1986)"
Playing Time_MP,"Raúl Jiménez (38), Anthony Elanga (38), Bryan Mbeumo (38)","Neto (2), Billy Gilmour (2), Tyler Fredricson (2)"
Playing Time_Starts,"Matz Sels (38), Max Kilman (38), Milos Kerkez (38)","Ali Al Hamadi (0), Antony (0), Toby Collyer (0)"
Playing Time_Min,"Bernd Leno (3420.0), Matz Sels (3420.0), Jordan Pickford (3420.0)","Jahmai Simpson-Pusey (96.0), Billy Gilmour (98.0), Emi Buendía (98.0)"
Playing Time_90s,"Bernd Leno (38.0), Matz Sels (38.0), Jordan Pickford (38.0)","Rico Henry (1.1), Billy Gilmour (1.1), Emi Buendía (1.1)"
Performance_Gls,"Mohamed Salah (29), Alexander Isak (23), Erling Haaland (22)","Aaron Cresswell (0), Aaron Ramsdale (0), Łukasz Fabiański (0)"
Performance_Ast,"Mohamed Salah (18), Jacob Murphy (12), Anthony Elanga (11)","Aaron Cresswell (0), Aaron Ramsdale (0), Łukasz Fabiański (0)"
Performance_G+A,"Mohamed Salah (47), Alexander Isak (29), Bryan Mbeumo (27)","Aaron Cresswell (0), Aaron Ramsdale (0), Łukasz Fabiański (0)"
Performance_G-PK,"Mohamed Salah (20), Alexander Isak (19), Erling Haaland (19)","Aaron Cresswell (0), Aaron Ramsdale (0), Łukasz Fabiański (0)"
Performance_PK,"Mohamed Salah (9), Justin Kluivert (6), Bryan Mbeumo (5)","Wesley Fofana (0), Wilfred Ndidi (0), Will Hughes (0)"
Performance_PKatt,"Mohamed Salah (9), Justin Kluivert (6), Bryan Mbeumo (6)","Wesley Fofana (0), Wilfred Ndidi (0), Will Hughes (0)"
Performance_CrdY,"Saša Lukić (12), Flynn Downes (12), Liam Delap (12)","Wataru Endo (0), Antonín Kinský (0), Armel Bella Kotchap (0)"
Performance_CrdR,"Bruno Fernandes (2), Jack Stephens (2), Myles Lewis-Skelly (2)","Wesley Fofana (0), Wilfred Ndidi (0), Will Hughes (0)"
Per 90 Minutes_Gls,"Jáder Durán (0.99), Donyell Malen (0.89), James Mcatee (0.77)","Aaron Cresswell (0.0), Aaron Ramsdale (0.0), Łukasz Fabiański (0.0)"
Per 90 Minutes_Ast,"Romain Esse (0.65), Danny Ings (0.63), Timo Werner (0.52)","Aaron Cresswell (0.0), Antony (0.0), Andy Irving (0.0)"
Per 90 Minutes_G+A,"Romain Esse (1.3), Mohamed Salah (1.25), Jáder Durán (0.99)","Alex Scott (0.0), Alex Palmer (0.0), Alex McCarthy (0.0)"
Per 90 Minutes_G-PK,"Jáder Durán (0.99), Donyell Malen (0.89), James Mcatee (0.77)","Aaron Cresswell (0.0), Aaron Ramsdale (0.0), Łukasz Fabiański (0.0)"
Per 90 Minutes_G+A-PK,"Romain Esse (1.3), Mohamed Salah (1.01), Jáder Durán (0.99)","Aaron Cresswell (0.0), Aaron Ramsdale (0.0), Łukasz Fabiański (0.0)"
Performance_GA,"Aaron Ramsdale (66.0), Mads Hermansen (58.0), Bart Verbruggen (58.0)","Jason Steele (1.0), Hákon Valdimarsson (2.0), Neto (2.0)"
Performance_GA90,"Danny Ward (4.0), Christian Walton (2.71), Alex McCarthy (2.6)","Jason Steele (0.5), David Raya (0.89), Mark Travers (1.0)"
Performance_SoTA,"Mark Flekken (207.0), Aaron Ramsdale (189.0), Jordan Pickford (163.0)","Jason Steele (4.0), Hákon Valdimarsson (5.0), Danny Ward (10.0)"
Performance_Saves,"Mark Flekken (152.0), Aaron Ramsdale (123.0), Jordan Pickford (119.0)","Jason Steele (3.0), Hákon Valdimarsson (3.0), Danny Ward (4.0)"
Performance_Save%,"Neto (84.6), Mark Travers (80.0), Jason Steele (75.0)","Danny Ward (40.0), Altay Bayındır (44.4), Christian Walton (51.3)"
Performance_W,"David Raya (20.0), Matz Sels (19.0), Emiliano Martínez (18.0)","Alex McCarthy (0.0), Danny Ward (0.0), Joe Lumley (0.0)"
Performance_D,"Jordan Pickford (15.0), David Raya (14.0), Dean Henderson (14.0)","Alex McCarthy (0.0), Altay Bayındır (0.0), Antonín Kinský (0.0)"
Performance_L,"Aaron Ramsdale (23.0), Mads Hermansen (18.0), André Onana (15.0)","Jason Steele (0.0), Neto (0.0), Robin Olsen (0.0)"
Performance_CS,"David Raya (13.0), Matz Sels (13.0), Jordan Pickford (12.0)","Alex McCarthy (0.0), Alex Palmer (0.0), Danny Ward (0.0)"
Performance_CS%,"Hákon Valdimarsson (100.0), Robin Olsen (100.0), Jason Steele (50.0)","Alex McCarthy (0.0), Alex Palmer (0.0), Danny Ward (0.0)"
Penalty Kicks_PKatt,"Bart Verbruggen (9.0), José Sá (7.0), Aaron Ramsdale (7.0)","Altay Bayındır (0.0), Antonín Kinský (0.0), Alphonse Areola (0.0)"
Penalty Kicks_PKA,"Bart Verbruggen (9.0), José Sá (5.0), Aaron Ramsdale (5.0)","Altay Bayındır (0.0), Antonín Kinský (0.0), Alphonse Areola (0.0)"
Penalty Kicks_PKsv,"Aaron Ramsdale (2.0), Jordan Pickford (2.0), José Sá (2.0)","Alex McCarthy (0.0), Alex Palmer (0.0), Alisson (0.0)"
Penalty Kicks_PKm,"Aaron Ramsdale (0.0), Alex McCarthy (0.0), Alex Palmer (0.0)","Aaron Ramsdale (0.0), Alex McCarthy (0.0), Alex Palmer (0.0)"
Penalty Kicks_Save%,"Caoimhín Kelleher (100.0), Jordan Pickford (100.0), Dean Henderson (50.0)","Alex McCarthy (0.0), Alex Palmer (0.0), Alisson (0.0)"
90s,"Bernd Leno (38.0), Matz Sels (38.0), Jordan Pickford (38.0)","Rico Henry (1.1), Billy Gilmour (1.1), Emi Buendía (1.1)"
Standard_Gls,"Mohamed Salah (29), Alexander Isak (23), Erling Haaland (22)","Aaron Cresswell (0), Aaron Ramsdale (0), Łukasz Fabiański (0)"
Standard_Sh,"Mohamed Salah (130), Antoine Semenyo (126), Cole Palmer (126)","Arijanet Muric (0), Neto (0), Alphonse Areola (0)"
Standard_SoT,"Mohamed Salah (61), Erling Haaland (60), Cole Palmer (51)","Alex Palmer (0), Alex McCarthy (0), Albert Grønbaek (0)"
Standard_SoT%,"Séamus Coleman (100.0), Archie Gray (100.0), Mykhailo Mudryk (100.0)","Aaron Cresswell (0.0), Álex Moreno (0.0), Yerson Mosquera (0.0)"
Standard_Sh/90,"Julio Enciso (6.12), Enes Ünal (4.96), Luis Sinisterra (4.96)","Aaron Ramsdale (0.0), Łukasz Fabiański (0.0), Alphonse Areola (0.0)"
Standard_SoT/90,"Julio Enciso (3.37), Donyell Malen (2.66), Luis Sinisterra (2.29)","Aaron Cresswell (0.0), Aaron Ramsdale (0.0), Łukasz Fabiański (0.0)"
Standard_G/Sh,"Romain Esse (1.0), John Stones (1.0), Conor Coady (0.5)","Armando Broja (0.0), Archie Gray (0.0), Antony (0.0)"
Standard_G/SoT,"Vitaliy Mykolenko (1.0), Tyrique George (1.0), Tariq Lamptey (1.0)","Trevoh Chalobah (0.0), Toti Gomes (0.0), Tyrick Mitchell (0.0)"
Standard_PK,"Mohamed Salah (9), Justin Kluivert (6), Bryan Mbeumo (5)","Wesley Fofana (0), Wilfred Ndidi (0), Will Hughes (0)"
Standard_PKatt,"Mohamed Salah (9), Justin Kluivert (6), Bryan Mbeumo (6)","Wesley Fofana (0), Wilfred Ndidi (0), Will Hughes (0)"
Ast,"Mohamed Salah (18), Jacob Murphy (12), Anthony Elanga (11)","Aaron Cresswell (0), Aaron Ramsdale (0), Łukasz Fabiański (0)"
Pass Types_Crs,"Bryan Mbeumo (200), Pedro Porro (200), Bruno Fernandes (185)","Łukasz Fabiański (0), Aaron Ramsdale (0), Antonín Kinský (0)"
Tackles_TklW,"João Gomes (78), Daniel Muñoz (77), Idrissa Gueye (76)","Aaron Ramsdale (0), William Osula (0), Ben Godfrey (0)"
Int,"Aaron Wan-Bissaka (61), Antonee Robinson (57), Ryan Gravenberch (56)","Antonín Kinský (0), Arijanet Muric (0), Miguel Almirón (0)"
Playing Time_Mn/MP,"Alex McCarthy (90), Alex Palmer (90), Kepa Arrizabalaga (90)","Daniel Jebbison (7), Emi Buendía (8), Jeffrey Schlupp (9)"
Playing Time_Min%,"Bernd Leno (100.0), Matz Sels (100.0), Jordan Pickford (100.0)","Jahmai Simpson-Pusey (2.8), Rico Henry (2.9), Emi Buendía (2.9)"
Starts_Starts,"Matz Sels (38), Max Kilman (38), Milos Kerkez (38)","Ali Al Hamadi (0), Antony (0), Toby Collyer (0)"
Starts_Mn/Start,"Aaron Ramsdale (90.0), Virgil van Dijk (90.0), Armel Bella Kotchap (90.0)","Tyrell Malacia (45.0), Mykhailo Mudryk (45.0), Luis Guilherme (45.0)"
Starts_Compl,"Bernd Leno (38), Dean Henderson (38), David Raya (38)","Armando Broja (0), Albert Grønbaek (0), Ben Godfrey (0)"
Subs_Subs,"Jack Taylor (28), Jota Silva (26), Taiwo Awoniyi (23)","Yerson Mosquera (0), Aaron Ramsdale (0), Alexander Isak (0)"
Subs_Mn/Sub,"Armel Bella Kotchap (76.0), Tyrone Mings (73.0), Diego Carlos (55.0)","Jorge Cuenca (1.0), James Milner (1.0), André (3.0)"
Subs_unSub,"Hákon Valdimarsson (36), Alex McCarthy (33), Filip Jørgensen (31)","Alex Palmer (0), Yoane Wissa (0), Abdul Fatawu Issahaku (0)"
Team Success_PPM,"Jason Steele (3.0), Billy Gilmour (3.0), Nico O'Reilly (2.56)","Ben Godfrey (0.0), Odsonne Édouard (0.0), Alex McCarthy (0.0)"
Team Success_onG,"Mohamed Salah (85), Virgil van Dijk (84), Ryan Gravenberch (79)","Sergio Reguilón (0), Emi Buendía (0), Tyrell Malacia (0)"
Team Success_onGA,"Kyle Walker-Peters (77), Dara O'Shea (75), Leif Davis (69)","Tyrique George (0), Joshua King (0), Ayden Heaven (1)"
Team Success_+/-,"Luis Díaz (46), Virgil van Dijk (46), Mohamed Salah (45)","Kyle Walker-Peters (-54), Aaron Ramsdale (-45), Taylor Harwood-Bellis (-45)"
Team Success_+/-90,"Daniel Jebbison (3.78), Joshua King (2.08), Toby Collyer (2.01)","Ben Godfrey (-5.09), Woyo Coulibaly (-4.95), Danny Ward (-4.0)"
Team Success_On-Off,"Bryan Mbeumo (30.29), Daniel Jebbison (3.59), Dan Burn (2.62)","Milos Kerkez (-5.17), Ben Godfrey (-4.07), Woyo Coulibaly (-3.84)"
Performance_2CrdY,"Djed Spence (1), Chris Richards (1), Harry Clarke (1)","Wesley Fofana (0), Wilfred Ndidi (0), Will Hughes (0)"
Performance_Fls,"Liam Delap (72), Antoine Semenyo (72), João Gomes (70)","Arijanet Muric (0), Antonín Kinský (0), Mads Hermansen (0)"
Performance_Fld,"Bruno Guimarães (107), Anthony Gordon (71), Matheus Cunha (71)","Alphonse Areola (0), Antonín Kinský (0), Axel Disasi (0)"
Performance_Off,"Chris Wood (28), Jamie Vardy (27), Dominic Calvert-Lewin (27)","Aaron Cresswell (0), Aaron Ramsdale (0), Łukasz Fabiański (0)"
Performance_Crs,"Bryan Mbeumo (200), Pedro Porro (200), Bruno Fernandes (185)","Łukasz Fabiański (0), Aaron Ramsdale (0), Antonín Kinský (0)"
Performance_Int,"Aaron Wan-Bissaka (61), Antonee Robinson (57), Ryan Gravenberch (56)","Antonín Kinský (0), Arijanet Muric (0), Miguel Almirón (0)"
Performance_TklW,"João Gomes (78), Daniel Muñoz (77), Idrissa Gueye (76)","Aaron Ramsdale (0), William Osula (0), Ben Godfrey (0)"
Performance_OG,"Marc Guéhi (3), Vitaly Janelt (2), Dan Burn (2)","Wesley Fofana (0), Altay Bayındır (0), Will Hughes (0)"
